sequence,MIC,type
AAAAAAAIKMLMDLVNERIMALNKKAKK,12.75000000773712,1
AAGMGFFGAR,22.588888894955087,1
AAGWGLRRLLKYGKRS,11.352720909883313,1
AAHCIALRKGYK,28.333333350333,1
AAHCIQLGKR,30.000000019365025,1
AAHCIVLHHN,25.000000012268963,1
AAHCLAIGRK,9.588888886151878,1
AAHCLAIGRR,15.425126106216936,1
AAHCLAKRKK,30.000000019365025,1
AAHCLAMRRK,25.83333334742973,1
AAHCLIGRK,14.166666665495109,1
AAHCLLKRKR,16.666666668398378,1
AAKCLVQRRR,17.50000000355915,1
AAKHAAHRA,536.4568572204115,1
AANCITLGKA,30.000000019365025,1
AANCLSLGKA,30.000000019365025,1
AARCLSQRRK,26.66666668130098,1
AARRAARRAARR,361.90005907453565,1
AAYLLAKINLKALAALAKKIL,17.106212437923123,1
ACADLRGKTFCRLFKSYCDKKGIRGRLMRDKCSYSCGCR,13.4090909171755,1
ACDTATCVTHRLAGLLSRSGGVVKNNFVPTNVGSKAF,56.48541330810841,1
AFGMALKLLKKVL,13.50000000172316,1
AFGVLAKVAAHVVPAIAEHF,64.00000000237446,1
AGWGSIFKHIFKAGKFIHGAIQAHND,13.024117593750963,1
AGYLLGKINLKPLAALAKKIL,28.646130162911255,1
AGYLLPKINLKPLAKLPKKIL,54.88930565139988,1
AHCLAIGRK,43.03617232918314,1
AHCLAIGRR,28.776269726697066,1
AIGSILGALAKGLPTLISWIKNR,22.809117640472714,1
AIGSILGALAKGLPTLKSWIKNR,28.12499999253389,1
AIGSILGALAKGLPTLRSWIKNR,14.063333339268576,1
AIGSILGRLAKGLPTLISWIKNR,7.815000001518453,1
AIGSILGRLAKGLPTLKSWIKNR,32.29166667524226,1
AIHDILKYGKPS,24.59999998491306,1
AILTTLANWARKFL,45.41988961324953,1
AINPKSVQSLL,200.0000001547424,1
AIRCLAKRRK,13.333333332913371,1
AIRCLAQRRK,10.42222222002313,1
AKGFAANHS,499.99999961314404,1
AKKFGKAFVKIL,100.76272940175153,1
AKKKGKCKGPLKLVAKC,93.00000001069061,1
AKKVFKRLEKLFSKIFNFK,13.062499997337637,1
AKKVFKRLEKLFSKIYNYK,11.4024999965919,1
AKKVFKRLGIGKFLHSAKKF,4.684999997457933,1
AKKVFKRLPKLFSKIWNWK,0.9349999999216235,1
AKLWLKAAKLWLKA,16.0000000126762,1
AKQHHGYKQKFH,21.01167990132745,1
AKRFFGYKRKFF,1.379395789486335,1
AKRHHGLNCAKFH,1.8107025693063092,1
AKRHHGLNCAKGVLA,7.619762667831131,1
AKRHHGYHRKFH,1.906257015475742,1
AKRHHGYKRKFH,36.985611645764365,1
AKRHHGYKRKFHAKRHHGYKRKFH,2.00669749630391,1
AKRHHGYKRKFHAKRHHGYKRKFHAKRHHGYKRKFH,1.088794614458547,1
AKRHHKYHRKFH,1.5806569419153134,1
AKRHHKYKRKFH,3.4231529949577677,1
AKRLKKLAKKIWKWK,3.538461539161881,1
AKRLKKLAKKIWKWL,30.857142866097465,1
AKRLKKLFKKIWNWK,6.428571431330158,1
AKRLLGYKRKFL,2.4784764404165016,1
AKRYYGYKRKFY,1.5216999908314732,1
ALAHFLKKAIKK,36.96327029522692,1
ALFKTMLKKLGTMAL,31.811111130548657,1
ALHKTMLKKLGTMAL,45.900000010802565,1
ALLHHGYKRKFH,14.600914857748407,1
ALLKLAPRLLAGIF,31.24999998054126,1
ALLKRIKTLL,17.971521798554654,1
ALLLAIRKR,15.822606563504342,1
ALLLAIRRR,9.016435438702555,1
ALPLIGRVLSGIL,36.66666664407366,1
ALPWKWPWWPWRR,0.3999999996979355,1
ALRLAIRKR,20.370190826363856,1
ALRLAIRRR,12.117717163531822,1
ALRSAVRTVARVGRAVLPHVAI,6.554545454181022,1
ALWHHLLHHLLHSAHHLG,10.124999999261282,1
ALWKDILKNVGKAAGKAVLNTVTDMVNQ,5.52142857041424,1
ALWKEVLKNAGKAALNEINNLV,31.999999976428466,1
ALWKEVLKNAGKAALNEINNLVQ,69.81099999898831,1
ALWKKLLKKLLKSAKKLG,2.9999999984269743,1
ALWKNMLKGI,91.18181817042878,1
ALWKNMLKGIGK,57.63636361283825,1
ALWKNMLKGIGKLAG,39.272727271762726,1
ALWKNMLKGIGKLAGK,16.454545449671897,1
ALWKNMLKGIGKLAGKAALG,8.909090910213177,1
ALWKNMLKGIGKLAGKAALGAVKKLVGAES,3.9545454546492738,1
ALWKTLLKKV,41.999999974921714,1
ALWKTLLKKVLK,31.99999997642847,1
ALWKTLLKKVLKAAAKAALKAVLVGANA,8.000000000148404,1
ALWKTMLKKLGT,67.02000001037223,1
ALWKTMLKKLGTM,35.719999999206124,1
ALWKTMLKKLGTMA,31.739999988000204,1
ALWKTMLKKLGTMALHAGK,11.88000000246101,1
ALWKTMLKKLGTMALHAGKAALGAAADTI,5.340000000239629,1
ALWLAIRKR,17.755721213174954,1
ALWLAIRRR,8.87898754996488,1
ALWRRLLRRLLRSARRLG,3.7499999994774704,1
ALWTTMLKKLGKMALHAGKAALGAAADTI,9.649999997399926,1
ALYKTMLKKLGTMAL,45.18888891476453,1
ALYLAIRKR,11.480076742454159,1
ALYLAIRRR,92.79596669648316,1
AMWKDVLKKIGTVALHAGKAALGAVADTISQ,7.4527708759639,1
ANFLPKIFCKITRKC,38.074425131118154,1
AQAAHQAAHAAHQF,85.70214641722168,1
AQAAKQAAKAAKQF,87.31252001231837,1
AQQHHGYKQQFH,53.029351361953026,1
AQRHHGYKRQFH,51.12763604483447,1
ARAR,100.0,1
ARRARKWARRALKLA,18.846153858390725,1
ARWWWKIKS,25.0299864156086,1
ATHCLFLKKR,17.50000000226963,1
ATHLLHALQRF,191.3487259836672,1
AVAGEKLWLLPHLLKMLLTPTP,163.79923797155934,1
AVDLAKIANKVLSSLF,93.75000000213954,1
AVVDILKGAAKDIAGHLASKVMNKL,100.0,1
AWLLAIRKR,10.061575362746014,1
AWLLAIRRR,6.2802594828489005,1
CKLLKTFLSKWIC,15.792665798176152,1
CKLLLKWLLKLLKC,53.299999996726285,1
CKRFRIRVRV,89.40184156303096,1
CLAIGRR,64.29992192729347,1
CLLKKLLKK,302.0080118602153,1
CLLKKLLKKLLKKC,60.69555909377537,1
CNGKRVCVC,101.91416204801031,1
CNGKRVCVCR,30.57202145042113,1
CREKA,200.0000001547424,1
CREKAKKLFKKILKKL,75.44999998608333,1
CWFWKWWRRRRR,6.900000002103656,1
CYCRRRFCVCV,6.599999998821422,1
CYCRRRFCVCVGR,4.629999996668624,1
DAACAAHCLFR,84.93604100192866,1
DAACAAHCLWR,164.42059898166417,1
DAACAAKCLWR,165.64167594564265,1
DAEDLARYYSALRHYINLITRQRY,3.0000000019365034,1
DAHGLLKRIKTLL,14.499999997700126,1
DAHKLAKLAKKLAKLAK,9.18749999330244,1
DAHRAGLQFPVGRVHRLLRK,13.499999996907864,1
DIFGAIWPLALGALKNLIK,41.50000003192508,1
DIGKYCGYAHALN,100.0,1
DRDR,100.0,1
DSHAKRHHGYKRKFHEKHHSHRGY,9.748728503203386,1
DTGPIRRPKPRPRPRPE,188.88888902643765,1
EAPAEDLARYYSALRHYINLITRQRY,4.999999996131441,1
ECRRLCYKQRCVTYCRGR,7.547499992846358,1
ECRRLWYKGRWVTYCRGR,71.99999992850167,1
EPAEDLARYYSALRHYINLITRQRY,5.999999994699767,1
EPFKISIHL,24.231962206417705,1
EPFKISIHLGGY,220.49812306668596,1
EPFKLSLHL,24.231962206417705,1
EPILGIITSLLKSL,50.189406953083214,1
EQHSSGKSDV,100.0,1
ERER,100.0,1
ESFLKSKTGYQGVQTLPGFIGGSQPHLGGGIGGGRPFISQPNLGGGIGGGIGGGKPFIPQPNLGGGIGSTRPFPRPQYGDYGSRNSCNRQCPSTYGGRGICCRRWGSCCPTNYK,6.374999996576621,1
F,3026.8340927529443,1
FAKGIAGMAGKLF,192.8571430008322,1
FAKKLAKLAKKLAKLAL,3.5706578466914767,1
FAKLLAKALKKLL,9.352048871708423,1
FAKWAFKWAKK,78.76279153044386,1
FAKWAFKWLKK,7.189255319343264,1
FALKALKKLKKALKKAL,8.366035823191199,1
FAPLIGRVLSGIL,22.499999994444497,1
FASGIAGMAGKLF,216.25000009896047,1
FAVTWATKWWKG,112.4999999988406,1
FCTMIPIPRCY,29.769008127981234,1
FDIMGLIKKVAGAL,31.375000010627282,1
FDLLGLVKKVASAL,63.749999989361456,1
FDLLGLVKSVVSAL,82.50000004243822,1
FDVMGIIKKIAGAL,33.33333334465754,1
FDWDSVLKGVEGFVRGYF,11.110857610624038,1
FF,1600.7022595842589,1
FFF,1088.0523793381594,1
FFFDTLKNLAGKVIGALT,70.49999996617457,1
FFFF,309.04360504221927,1
FFFFF,30.508660303391387,1
FFFFFF,9.988257138536216,1
FFFFFFF,2.8619621313263823,1
FFFLSRIF,84.77500001841562,1
FFGHLFRGIINVGKHIHGLLSG,15.608695647201097,1
FFGKVLKLIRKIF,75.77500000029573,1
FFGSIIGALAKGLPSLISLIKK,9.249999997233942,1
FFGSLLKLLPKLL,16.59999999037648,1
FFGSMIGALAKGLPSLISLIKK,12.499999999768118,1
FFGSTIGALANFLPSLISKIRN,20.28093403252755,1
FFGSVLKLIPKIL,33.59250000344873,1
FFGWLIKGAIHAGKAIHGLIHRRRH,10.357142853084099,1
FFGWLIRGAIHAGKAIHGLIHRRRH,3.3749999983444545,1
FFHHAFRGIVHVGKTIHRLVTG,29.599999989892666,1
FFHHFARGIVHVGKTIHRLVTG,30.399999989985265,1
FFHHIFRGAVHVGKTIHRLVTG,12.400000001208147,1
FFHHIFRGIVHIGKTIHRLVTG,6.9999999984599395,1
FFHHIFRGIVHVGKKIHRLVKG,2.613636363929896,1
FFHHIFRGIVHVGKKIHRLVTG,3.2681818188785514,1
FFHHIFRGIVHVGKTAHRLVTG,13.200000002034688,1
FFHHIFRGIVHVGKTIHKLVTGT,6.445875071884126,1
FFHHIFRGIVHVGKTIHRLVTG,4.47474055401136,1
FFHHIFRGIVHVGKTVHRLVTG,12.800000000944962,1
FFHHIFRGVVHVGKTIHRLVTG,12.800000000944962,1
FFHHVFRGIVHVGKTIHRLVTG,12.800000000944962,1
FFIFFF,17.876875380203106,1
FFLLSLIPSAISAIKKI,13.65624999475904,1
FFPFLLGALGSLLPKIF,14.600000004022457,1
FFPGIIKVAGAILPTAICAITKRC,26.499999981625454,1
FFPGIIKVASAILPTAICAITKRC,51.50000000096825,1
FFPIVGKLLFGLL,18.359174159425123,1
FFPIVGKLLFGLSGLL,3.540547733533633,1
FFPIVGKLLS,32.72690963199067,1
FFPIVGKLLSGLF,69.58333331672465,1
FFPIVGKLLSGLL,16.696357401919734,1
FFPIVGKLLSGLSGLL,6.208476576074759,1
FFPLLFGALSSHLPKLF,3.0156956270461954,1
FFPLLFGALSSMMPKLF,4.816536454206125,1
FFPLVLGALGSILPKIF,8.186549408561925,1
FFPLVLGALGSILPKVFGK,45.724999994678505,1
FFPMLADLVSKIF,149.99999998076842,1
FFPVIGRILNGIL,11.999999998684073,1
FFRLLFHGVHHGGGYLNAA,37.50825219736248,1
FFRLLFHGVHHVGKIKPRA,20.7268256216522,1
FFRRFFRR,253.76520548453664,1
FFRRFFRRFFRR,42.515056957623194,1
FFRRFFRRFFRRFFRR,14.315564867477349,1
FFSLIPSLVGGLISAFK,81.70000000556585,1
FFSLLPSLIGGLVSAIK,28.94209165052901,1
FFSMIPHIATGIASLVKNL,98.40705672598779,1
FFSMIPKIAGGIASLVKNL,13.461404743536322,1
FFSMIPKIATGIASLVKNL,24.70934934775585,1
FFWHHIGHALDAAKRVHGMLSG,24.04761903962198,1
FGVLAKVAAHVVPAIAEHF,54.72239600042471,1
FHEAIAPVVHAAVKALVGFLG,44.257436842420844,1
FHFHLHF,16.258308764317523,1
FHFHLHFASASAFIKHFIHRF,21.582754504201887,1
FHFHLHFGGGFIKHFIHRF,28.16069274155981,1
FHFHLHFPSGSPFIKHFIHRF,84.67847046065533,1
FHFHLHFPSPSPFIKHFIHRF,65.10041596432447,1
FHFHLHFPYPFIKHFIHRF,64.36387160389584,1
FHFHLHFSATFIKHFIHRF,44.30585464064733,1
FHYFWHWFHRF,73.10338666322349,1
FIGAIARLLSKIF,21.7161712037114,1
FIGALLGPLLNLLK,31.24999998054126,1
FIGALLRPALKLLA,23.318212365378184,1
FIGALLRPALKLLAGK,87.19999998120893,1
FIGLLISAGKAIHDLIRRRH,12.17857142373054,1
FIGMIPGLIGGLISAFK,90.90909090607997,1
FIGMIPGLIGGLISAIK,84.09090907027162,1
FIGPIISALASLFG,59.99999994699768,1
FIHHIIGALGHLF,22.055555558227894,1
FIHHIIGGLFSVGKHIHSLIHGH,4.129896182589026,1
FIHHIIGWISHGVRAIHRAIHG,3.476022324207431,1
FIHHIVHAIGRLF,18.47605142009159,1
FIITGLVRGLTKLF,11.882503519821528,1
FIKELLPHLSGIIDSVANAIK,82.49999994866597,1
FIKHFIHRF,301.3286183847174,1
FIKHFIHRFGGGFKKFWKWFRRF,10.46531377936615,1
FIKHFIHRFGGGIKQLLHFFQRF,15.974391066776477,1
FIKHFIHRFGGGRWRWRWF,12.773472972384582,1
FIKHFIHRFSATLQLLKQLLKLLKQF,8.63966766742769,1
FIKHFIHRFSATRWRRLLKKLHHLLH,7.861484344279254,1
FIKHFIHRFSATRWRWRWF,17.145187290096967,1
FIKHFIHRFSGGRWRRLLKKLHHLLH,9.523135664624505,1
FIKHFIHRFSGGRWRWRWF,12.627086699244934,1
FIKRIARLLRKIF,17.54701918186006,1
FILGKLWKGVKSIF,14.85641504424738,1
FILPLIASFLSKFL,11.999999998684073,1
FINKAGKLQSQLRTTVVAAAAFLDAFQKVA,59.999999985638794,1
FIPLVSGLFSRLL,4.977200014731944,1
FIRSLFFF,133.33333338491414,1
FIRWRFRWWRWRR,2.8470098060213296,1
FISGLIGGLMKAL,133.33333330862504,1
FITGLIGGLMKAL,239.99999991012265,1
FKCRRWQWRMKKLG,12.399999995367857,1
FKDLKKIANIINSIFKK,894.6999992927582,1
FKKALHLFKPIKKFLKWK,18.252727262658684,1
FKKFWKWFRRFGGGFIKHFIHRF,20.84929090423565,1
FKKFWKWFRRFGGGRWRWRWF,7.28107198329181,1
FKKLKKIANIINSIFKK,224.80000005330274,1
FKKLKKLFKKILKLK,10.750000000839991,1
FKLFKKILKFL,3.333333333302416,1
FKLFKKILKVL,24.049999998884022,1
FKLFKKIPKFLHLAKKF,4.784999998843231,1
FKQFHFKDFNRAFGFMTRVALQAEKL,53.33333331369038,1
FKRIVQRIKDFLR,22.750000003499093,1
FKRLKKLAKKIWNWK,6.857142859470067,1
FKRLKKLFKKIWNWK,4.520000001981135,1
FKRLKKLISWIKRKRQQ,1.5000000007737118,1
FKTFLKWLHRF,15.760075946946392,1
FKTFLQWLHRF,10.507014679089608,1
FKVTWKTKWWKG,4.649999997034939,1
FLALIGRVLSGIL,11.458333331818048,1
FLALILRKIVTAL,40.79181261977524,1
FLFKLIPKAIKGLVKAIRK,3.663324035644076,1
FLFKLIPKVIKGLVKAIRK,3.616862011457663,1
FLFSLIPHAIGGLISAFK,77.99999999953904,1
FLFSLIPKAIGGLISAFK,13.56199999234821,1
FLFSLIPSAIAGLVSAIRN,65.89951618575338,1
FLFSLIPSAISGLISAF,77.33333331590127,1
FLFSLIPSAISGLISAFK,26.704531566376772,1
FLFSLIPSVIAGLVSAIRN,65.11664434202115,1
FLGALAKIISGIF,51.99999999848968,1
FLGALIKGAIHGGRFIHGMIQNHH,51.19999999199606,1
FLGALLGPLMNLLQ,160.000000126762,1
FLGALWEVAKSVF,14.00999999999644,1
FLGALWKVAKSVF,2.888666665253688,1
FLGALWNVAKKVF,3.097333331115249,1
FLGALWNVAKSVF,12.605200002384446,1
FLGALWNVWKSVF,12.341999990782654,1
FLGELWNVAKSVF,28.47111109593421,1
FLGELWNVWKSVF,11.196666661681903,1
FLGGILNTITGLL,86.66666673115748,1
FLGGLIKPWWPWRR,65.14602183795688,1
FLGGLIKWKWPWWPWRR,40.535495533307206,1
FLGGLIKWPWWPWRR,48.65000581707288,1
FLGGLIKWWPWRR,54.66238271179606,1
FLGLIGSLL,137.3159241203772,1
FLGLLFHGVHHVGKWIHGLIHGHH,22.256401214858762,1
FLGLLGGLL,283.7725344453155,1
FLGLLGSLL,33.99999999669192,1
FLGMIPGLIGGLISAFK,98.95833327882424,1
FLGSIVGALASALPSLISKIRN,48.86363635117975,1
FLGVVFKLASKVFPAVFGKV,13.00119309147537,1
FLGWLFKWAKK,20.472100878334746,1
FLGWLFKWASK,51.23016278238141,1
FLGWLFKWAWK,26.61057140362222,1
FLIIRRPIVLGLL,12.147387610207163,1
FLKALWNVAKSVF,5.206000000028123,1
FLKGCWTKWYSLKPKCPF,7.8156177076184905,1
FLKGIKGMLGKLF,22.062499996148922,1
FLKGIKGMLGKLL,45.117647051856395,1
FLKGIVGKLGKLF,20.68749999956421,1
FLKGIVGMLGKLF,26.10526317205763,1
FLKGIVGMLGKLL,33.058823531789294,1
FLKGIVGMLGKLW,9.874999997730916,1
FLKKAKKFGKAF,237.83183984241148,1
FLKLLKKLL,9.333333336637597,1
FLKPLFNAALKLLP,18.738355957233743,1
FLKWLFKWAKK,14.065876151803852,1
FLKWLFKWLKK,27.789621264143463,1
FLPAALAGIGGILGKLF,65.88825100721736,1
FLPAIAGILSQLF,125.0000000580284,1
FLPAIGRVLSGIL,25.833333320164385,1
FLPFIAGMAAKFLPKIFCAISKK,8.276960844490516,1
FLPFLAGLFGKIF,81.26666663390331,1
FLPFLASLLSKVL,80.00000000148404,1
FLPFLATLLSKVL,100.0,1
FLPFLIPALTSLISSL,99.9999999710414,1
FLPFVGKLLSGLL,37.50000000460382,1
FLPFVGNLLKGLL,29.249999980448752,1
FLPGLIAGIAKML,13.953810292484249,1
FLPGLLAGLL,20.199999985568486,1
FLPIAGKLLSGLSGLL,3.6156173932417115,1
FLPIALKALGSIFPKIL,16.971469743395815,1
FLPIIAKLLGGLL,13.891322922184367,1
FLPIIAKVLSGLL,14.999999998076841,1
FLPIIASLLGKLL,28.616677685360568,1
FLPIIASLLSKLL,32.21711987169022,1
FLPIIGQLLSGLL,80.00000000148404,1
FLPIITNLLGKLL,68.66666666489992,1
FLPILGKLLSGFL,83.33333337608201,1
FLPILGKLLSGIL,57.49999999903842,1
FLPILGKLLSGLL,83.33333337608201,1
FLPILGNLLSGLL,74.99999998065721,1
FLPILINLIHKGLL,141.66666665307267,1
FLPIPRPILLGLL,13.681061212628771,1
FLPIVAKLLSGLL,29.348000010924274,1
FLPIVAKLLSGLLGRKKRRQRRR,2.3084999998845825,1
FLPIVGKLLSGLF,64.08333333001177,1
FLPIVGKLLSGLL,81.12894163657934,1
FLPIVGKLLSGLSGLS,13.663856025704295,1
FLPIVGLLKSLLK,59.00000004861561,1
FLPIVGRLISGLL,69.99999999787902,1
FLPIVTNLLSGLL,58.00000005836972,1
FLPKKFRWWKYRK,8.495773862607194,1
FLPLAGRVLSGAL,126.87999990285468,1
FLPLAGRVLSGIL,33.33333331835377,1
FLPLAMALGKLL,100.00000003218518,1
FLPLFASLIGKLL,140.00000010372378,1
FLPLIGKILGTIL,80.00000002487567,1
FLPLIGKVLSGIL,19.400000000698693,1
FLPLIGRALSGIL,22.499999994444497,1
FLPLIGRVASGIL,39.99999996979354,1
FLPLIGRVLAGIL,12.083333331177153,1
FLPLIGRVLSGAL,33.33333331835377,1
FLPLIGRVLSGIL,30.754061031031103,1
FLPLIGRVLSGILGWKRKRFG,9.812500000008116,1
FLPLKKLRFGLL,7.534285715023436,1
FLPLLAGLAAKWF,32.828571419274965,1
FLPLLAGLAANFLPKIFCKITRK,8.529133062977122,1
FLPLLAGLAANFLPKIFCKITRKC,6.833097696732389,1
FLPLLASLFSGLF,12.999999990815267,1
FLPLLASLFSRLF,2.000000001547424,1
FLPLLASLFSRLL,35.999999999624755,1
FLPLLFGAISHLL,37.584082684737254,1
FLPLLFGALSTLLPKIF,29.166666659987186,1
FLPLLGRVLSGLL,5.379999999637823,1
FLPLLVGAISSILPKIF,8.599999998534853,1
FLPLVGKILSGLI,69.99999999770209,1
FLPLVLGALSGILPKIL,2.658366368725998,1
FLPLVTGLLSGLL,96.00000005307926,1
FLPLVTMLLGKLF,70.50000002872821,1
FLPVIAGLLSKLF,8.000000000148404,1
FLPVIAGVLSKLF,24.99999998489677,1
FLPVILPVIGKLLNGIL,37.49999999009672,1
FLPVILPVIGKLLSGIL,37.49999999009672,1
FLPVLAGVLSRA,26.264057711061856,1
FLPVLGKVIKLVGGLL,21.85999998523554,1
FLPWFSKFLGRIL,11.11764705641154,1
FLQHIIGALGHLF,43.7000000234524,1
FLQHIIGALSHFF,29.755555556864522,1
FLQHIIGALTHIF,69.26666662856125,1
FLSAITSLLGKLL,5.999999994699767,1
FLSGIVGMLGKLF,36.475862067167256,1
FLSHIAGFLSNLF,14.000000006189698,1
FLSIIAKVLGSLF,86.00000006570212,1
FLSLIPAAISAVSALANHF,123.1714235992847,1
FLSLIPHAIKAVGVHAKHF,122.75261427625536,1
FLSLIPHAINAVGVHAKHF,247.17276850415797,1
FLSLIPHAINAVSAIAKHF,5.099999996408388,1
FLSLIPHAINAVSAIAKHFG,5.999999994699767,1
FLSLIPHAINAVSAIAKHN,5.824999996467694,1
FLSLIPHAINAVSAIAKHS,15.080527745322488,1
FLSLIPHAINAVSALANHG,30.066666651055908,1
FLSLIPHAINAVSTLVHHF,41.30000000783828,1
FLSLIPHAINAVSTLVHHSG,14.195016902770693,1
FLSLIPHIVSGVASIAKHF,39.71349999915153,1
FLSLIPHIVSGVASLAIHF,185.57692321974434,1
FLSLIPHIVSGVASLAKHF,27.256470596307274,1
FLSLIPKAIKAVGVKAKKF,95.85829190194833,1
FLSLIPKIAGGIAALAKHL,8.36286032478669,1
FLSLIPKIATGIAALAKHL,8.141666663527216,1
FLSLLPSIVSGAVSLAKKL,1.299999999081527,1
FLSLLPSIVSGAVSLAKKLG,1.299999999081527,1
FLSMIPHIAGGIASLVKNL,102.2843683511881,1
FLSMIPHIVSGVAALAKHL,23.651176468329293,1
FLSMIPKIAGGIASLVKNL,25.687342155395086,1
FLSSIGKILGNLL,45.928571425562154,1
FLSTIWNGIKGLL,11.999999998239188,1
FLSTIWNGIKSLF,10.49999999832036,1
FLSTLLKVAFKVVPTLFCPITKKC,2.869440459225779,1
FLSTLWNAAKSIF,14.571067818469517,1
FLTGLIGGLMKALGK,99.11428570838295,1
FLWGLIPGAISAVTSLIKK,12.823998533741609,1
FLWWLFKWAWK,46.846205741152126,1
FLYIVAKLLSGLL,107.54020000553442,1
FPFLKLSLKIPKSAIKSAIKRL,15.25000000784313,1
FPFLLSLIPSAISAIKRL,2.6666666666914005,1
FPISTLLKWWKG,30.356951661119428,1
FPLTCPTKWWKG,170.79495138074327,1
FPLTWPTKWWKG,150.07840783558927,1
FPVTFRFFKFFKG,116.99283598873708,1
FPVTWGWWKWWKG,91.34896691481238,1
FPVTWKWWKWWKG,12.650000010173045,1
FPVTWPTKWLKG,122.62528259608673,1
FPVTWPTKWRKG,148.67884170347065,1
FPVTWPTKWWEG,163.00177813073628,1
FPVTWPTKWWKG,128.43111348382337,1
FPVTWPTKWWKS,148.54196735444674,1
FPVTWRTKWWKG,9.299999997552625,1
FPVTWRWWKWWKG,54.91553336203859,1
FPVTWRWWTWWKG,36.879372384645826,1
FQNRRMKWKK,255.99999981617657,1
FQWQRNIRKVR,163.31564746604738,1
FRCRRRFCRF,33.000000006547566,1
FRFKFRFK,67.78816031384238,1
FRFKRFRKKGKKLFKKVSPPILLLHL,7.425000001878753,1
FRFR,100.0,1
FRFRCRRRFCRFRF,2.2500000000185505,1
FRIRVRV,46.4000000127739,1
FRIRVRVFKRIVQRIKDFLR,2.8999999991086467,1
FRIRVRVKWKLFKKI,2.2499999996740905,1
FRRFFKWFRRFFKFF,13.316666661444355,1
FRRFFKWFRRPFKFF,8.364285708720972,1
FRRFFKWPRRFFKFF,11.478571420461886,1
FRRFFKWPRRPFKFF,13.763809518407507,1
FRRFRKWFRRFLKLF,8.765384616319142,1
FRRPFKWPRRFFKFF,12.419047612834639,1
FRVTWRTKWWKG,4.499999998318135,1
FSEAIKKIIDFLG,165.0274047363234,1
FSFLSRIF,89.5833333316828,1
FSGGNCRGFRRRCFCTK,13.531676290709413,1
FSIARLLKWWKG,15.1513288909866,1
FSVTWRWWKWWKG,69.68895318065627,1
FVDLKKIANIINSIF,31.866666668083283,1
FVDLKKIANIINSIFGK,54.59555554066457,1
FVDLKKIANIINSIFKK,66.39999994373322,1
FVKLKKILNIILSIFKK,41.5499999885069,1
FVKLKKILNIINSIFKK,34.73999999111453,1
FVPWFSKFLGRIL,9.166666664276987,1
FVPWFSKFLPRIL,24.833333325825222,1
FVQWFSKFLGKIL,12.499999997515054,1
FVQWFSKFLGRIL,11.894736839492051,1
FVQWFSKFLLRIL,37.94117643802276,1
FVQWFSRFLGRIL,13.333333326296247,1
FVRWFSKFLGRIL,9.66666666842501,1
FVRWFSRFLGRIL,14.666666667680643,1
FWGALAKGALKLIPSLVSSFTKKD,129.87069963294562,1
FWGKLWEGVKNAI,35.5204627525283,1
FWQRNIRIRR,86.52382435156329,1
FWRIRKWR,25.65138688866916,1
GAGALAKFLAKKVAKTVAKQAAKQGAKYVVNKQME,8.281250004216744,1
GAHDILKYGKPS,45.99999997292453,1
GALKRIKTLL,38.65484382905288,1
GALRGCWTKSYPPKPCK,12.50000000623126,1
GAPKGCWTKSYPPKPCK,160.000000126762,1
GATPEDLNQKLS,196.48502434241752,1
GAVDILKGAAKDIAGHLASKVMNKL,100.0,1
GCKKYRRFRWKFKGKFWFW,28.121158249369046,1
GCKKYRRFRWKFKGKFWFWGG,96.29458092908865,1
GCLEFWWKCNPNDDKCCRPKLKCSKLFKLCNFSF,9.0833333291442,1
GCRRFKKFKKWRYRGRFWFWCFG,22.598310355483832,1
GCRRWKKFRWRYRGKFWFWCG,26.876474814084528,1
GECIWDAIFHGAKHFLHRLVNP,7.622229202756336,1
GEFKKIVQKIKDFLKNLV,89.99999996691925,1
GEFKRIVQRIKDFLRNLV,59.99999994699768,1
GEFRRIVQRIRDFLRNLV,44.999999983181354,1
GEILCNLCTGLINTLENLLTTKRKRQQ,5.533333334346463,1
GFARIVQRIKDFLRNLV,11.24999999565621,1
GFFALIAKIISSPLFKTL,20.34166159080832,1
GFFALIPKIISSPLFKTL,17.06446099384881,1
GFFGKMKEYFKKFGASFKRRFANLKKRL,8.342857141169391,1
GFFGKRKEYFKKFGASFKRRFANLKKRL,2.733333331494824,1
GFGKAFHSVSNFAKKHKTA,100.0,1
GFGKALKLLKKVL,5.8599999995182355,1
GFGMALKLLKKVL,11.78749999542387,1
GFGMALRLLRRVL,15.9999999950317,1
GFGSLLGKALRLGANVL,12.492091169296797,1
GFGSVLGKALKFGANLL,31.24999998054126,1
GFGTILKALAKIAGKVVKKLATKPGATYMLKENLK,0.3517500000078174,1
GFGVLAKVAAHVVPAIAEHF,64.00000000237446,1
GFKAIVQRIKDFLRNLV,11.24999999565621,1
GFKDLLKGAAKALKKTVLF,41.33333333245605,1
GFKDLLKGAAKALVKAVLF,4.999999997112012,1
GFKDLLKGAKKALVKTVLF,28.99999999295917,1
GFKEVLKADLGSLVKGIAAHVAN,275.9999997846019,1
GFKEVLKAGLGSLVKGIPAHVAN,350.33333342025935,1
GFKKLLKGAAKALVKTVLF,3.999999999524258,1
GFKRIVQAIKDFLRNLV,37.49999997253726,1
GFKRIVQRIADFLRNLV,33.74999997011663,1
GFKRIVQRIKDFLANLV,11.24999999565621,1
GFKRIVQRIKDFLRNLV,4.357142856055139,1
GFLDIVKGVGKVALGAVSKLF,7.5523000347862626,1
GFLDVIKHVGKAALGVVTHLINQ,15.36441519907033,1
GFLDVVKHIGKAALGAVTHLINQ,13.323318652625703,1
GFLGSLLKTGLKVGSNLL,35.91666665373719,1
GFLSALKKYLPIVLKHV,0.7800000005559022,1
GFLSILKKVL,20.475000011013133,1
GFLSILKKVLAKVMAHMK,6.475000003100951,1
GFLSILKKVLGKVMAHMK,5.449999999914427,1
GFLSILKKVLKKVMAHMK,10.574999994404289,1
GFLSILKKVLPKVMAHMK,7.024999997248594,1
GFMKYIGPLIPHAVKAIKKLI,11.460000005732061,1
GFMKYIGPLIPHKVKAISDLI,166.66666676982825,1
GFRDVLKGAAKAFVKTVAGHIAN,48.63636363079757,1
GFVALLKKLPLILKHLH,3.633333331779166,1
GFVALLKKLPLILKHLP,9.812857147843909,1
GFVDFLKKVAGTIANVVT,44.34504295741344,1
GFWGKLFKLGLHGIGLLHLHL,5.636614425150588,1
GFWGKLLEGVKKAI,12.199999998905465,1
GFWGKLWEGVKNAI,15.053024723109242,1
GFWGKLWEGVKNAIKKK,1.6499999997431138,1
GFWGKLWEGVKSAI,16.08698259369334,1
GFWGKLWKPVKKAI,13.750000004784424,1
GFWGSLWEGVKSVV,75.03102876956842,1
GFWTTAAEGLKKFAKAGLASILNPK,80.00000000148404,1
GGARSLGRKALRAWKKYGPAIVPIIRI,2.699999999657683,1
GGARSLGRKALRAWKKYGPIIVPIIRI,2.6250000010150023,1
GGHGLLKRIKTLL,11.499999993775914,1
GGHKLAKLAKKLAKLAK,8.279999994080615,1
GGHRAGLQFPVGRVHRLLRK,14.999999996558106,1
GGKCKNGDCVCR,23.074000010149422,1
GGLRSLGRKALRAWKKYGPIIVPIIRI,2.3999999993830157,1
GGLRSLGRKILRAWKKYG,3.125000001052599,1
GGLRSLGRKILRAWKKYGPAIVPIIRI,2.6750000006929033,1
GGLRSLGRKILRAWKKYGPIIVPIIRI,2.3050000005536107,1
GGLRSLGRKILRAWKKYGPQATPATRQ,5.599999999251745,1
GGVWNLNVNPGTTGARVWARTK,127.0000000128794,1
GHLGRPYIGGGGGFNRGGGFHRGGGFHRGGGFHSGGGFHRGGGFHSGGSFGYR,0.499999999613144,1
GIADILKYGKPS,24.9999999988461,1
GIFSKLAGKKLKNLLISG,8.400000002933767,1
GIGALSAKGALKGLAKGLAEHFAN,8.50000000615444,1
GIGAVLAVLTTGLPALISWIKRKRQQ,3.995910622337727,1
GIGAVLDVLTTGLPALISWIKRKRQQ,2.646097946530516,1
GIGAVLGVLTTGLPALISWIKRKRQQ,1.87297882695236,1
GIGAVLIVLTTGLPALISWIKRKRQQ,34.58587819635061,1
GIGAVLKVLALISWIKRKR,9.366666658914015,1
GIGAVLKVLTTGLPALISWIKRKRQQ,1.8170562766925271,1
GIGAVLLVLTTGLPALISWIKRKRQQ,44.39646996721236,1
GIGAVLVVLTTGLPALISWIKRKRQQ,47.189797889610844,1
GIGAVLWVLTTGLPALISWIKRKRQQ,11.168532406859821,1
GIGAVVKVLTTGVPAVISWIKRKRQQ,4.40000000031668,1
GIGDILKNLAKAAGKAALHAVGESL,29.249999993773486,1
GIGGALLNVGKVALKGLAKGLAEHFAN,9.163560158280939,1
GIGGALLSAGKAALKGLAKVLV,9.3526003097141,1
GIGGALLSAGKSALKGLAKGLAEHF,33.00930621845738,1
GIGGALLSAGKSALKGLAKGLAEHFAN,5.401666664920796,1
GIGGALLSAGKSALKGLAKGLAEHL,34.165821956587365,1
GIGGALLSVGKLALKGLANVLADKFAN,17.20547737673837,1
GIGGALLSVGKSALKGLTKGLAEHF,38.66241011378482,1
GIGGKILGGLKTALKGAAKELASTYLH,21.381946901201616,1
GIGGKILGGLRTALKGAAKELAATYLH,17.63892035781027,1
GIGGVLLGAGKATLKGLAKVLAEKYAN,30.500136035948906,1
GIGGVLLSAGKAALKGLAKVLAEKYAN,4.617849413984184,1
GIGGVLLSAGKAALKGLTKVLAEKYAN,30.153653874689486,1
GIGHFLHKVKSFGKSWIGEIMNS,37.99999998499663,1
GIGKFIHAAKKFGKLFIGEIMNS,10.33333333426092,1
GIGKFIHSAKKFGKLFVGEIMNS,44.333333328818206,1
GIGKFIHSAKRFGRAWVGEIMNS,62.499999962740766,1
GIGKFLHAAKKFAKAFVAEIMNS,16.438333723856577,1
GIGKFLHAALLFAKAFVAEIMNS,4.001761429017487,1
GIGKFLHKVGSFIKSWKGEIMNS,37.99999999839148,1
GIGKFLHKVKSFGKSWIGEIMNS,37.99999998499663,1
GIGKFLHSAKKFAKAFVAEIMNS,8.07344992896353,1
GIGKFLHSAKKFGKAFVGEIMNS,132.0428572160694,1
GIGKFLHSAKKFGKAFVGEIMNSGGC,12.499999999768118,1
GIGKFLHSAKKFGKAFVGEIMNSGGS,25.000000018879035,1
GIGKFLHSAKKFGKAWVGEIMNS,66.66666665758721,1
GIGKFLHSAKKPGKAFVGEIMNS,61.788707509080716,1
GIGKFLHSAKKWGKAFVGEIMNS,32.80909002997397,1
GIGKFLHTLKTFGKKWVGEIMNS,12.999999990815267,1
GIGKFLKKAKKF,194.17901151751084,1
GIGKFLKKAKKFGKAFVKMKK,7.407692308379809,1
GIGRFLHSARRFGRAFVGEIMNS,22.150000011770164,1
GIGRKFLGGVKTTFRCGVKDFASKHLY,58.749999992771464,1
GIGRKFLGGVKTTFRGGVKDFASKHLY,87.49999996617791,1
GIGSAILSAGKSIIKGLAKGLAEHF,18.897827871974226,1
GIGSALAKAAKLVAGIV,31.24999998054126,1
GIGSILGVIAKGLPTLISWIKNR,15.00000000902664,1
GIGSLLAKAAKLGANLL,18.75000000932358,1
GIGTKFLGGVKTALKGALKELAFTYVN,22.906067277361053,1
GIGTKFLGGVKTALKGALKELASTYVN,14.987958654672909,1
GIGTKILGGVKAALKGALKELASTYVN,19.003760764027994,1
GIGTKILGGVKTALKGALKELASTYAN,6.0678958586373435,1
GIGTKILGGVKTALKGALKELASTYVN,6.322478337702604,1
GIHAILKYGKPS,36.99999997988793,1
GIHDALKYGKPS,14.800000008680414,1
GIHDIAKYGKPS,34.999999979109774,1
GIHDILAYGKPS,15.000000001940952,1
GIHDILKAGKPS,29.99999999071545,1
GIHDILKYAKPS,9.999999998841657,1
GIHDILKYGAPS,28.999999987235974,1
GIHDILKYGKAS,26.00000000000889,1
GIHDILKYGKKS,20.000000013157546,1
GIHDILKYGKPA,45.999999972924535,1
GIHDILKYGKPS,15.000000006194139,1
GIHDILKYGKRS,14.000000006189698,1
GIHKILKYGKPS,10.000000001547424,1
GIHRILKYGKPS,5.64000000095473,1
GIIPIISIIGKII,32.00000000802847,1
GIKDILKYGKPS,14.000000002714662,1
GIKKILKYGKKS,28.999999989941745,1
GILDAIKAFANALG,14.583722474376987,1
GILDAIKAIAKAAG,93.93999993665236,1
GILDPIKAFAKAAG,12.602377266436495,1
GILGKLWEGVKSIF,22.88747431470582,1
GILGKLWKGVKSIF,17.070149296010744,1
GILKSLLKKLKKIIAK,9.677777778571746,1
GILSKLLKKLKKIIAK,13.422222225251431,1
GILSSLLKKLKKIIAK,7.033333333289068,1
GILSSLLKKLKKWIAK,8.066666669196911,1
GILSSLLKKWKKIIAK,9.255555557957651,1
GILSSLWKKLKKIIAK,5.644444444638672,1
GILSSLWKKLKKWIAK,7.622222222873926,1
GILSSLWKKPKKIIAK,83.6444444524455,1
GILSSWLKKLKKIIAK,9.100000001292525,1
GIMISLMKKLAAHIAK,33.08888889978527,1
GIMSSLMKKLAAHIAK,38.62587104977693,1
GIMSSLMKKLAAHIKK,32.22222222299738,1
GIMSSLMKKLAAIIAK,7.688888886306858,1
GIMSSLMKKLAKHIAK,22.1222222090709,1
GIMSSLMKKLAKIIAK,6.944444444003935,1
GIMSSLMKKLAKIIKK,11.18888888826543,1
GIMSSLMKKLKAHIAK,39.11111111572445,1
GIMSSLMKKLKKHIAK,31.26666666528535,1
GIMSSLMKKLKKIIAK,10.388888885932632,1
GIMSSLMKKLKKIIKK,19.555555565764948,1
GIRDILKYGKPS,9.000000000773714,1
GIRDVLKGAAKAFVKTVAGHIAN,3.9999999969793545,1
GIRRILRYGRPS,7.79999999862216,1
GIRRILRYGRRS,9.600000002708438,1
GIWDTIKSMGKVFAGAILQNL,24.999999994932416,1
GIWDTIKSMGKVFAGKILQNL,20.20000000765353,1
GIWDTIKSMGKVFAGLILQNL,40.62500000938155,1
GIWDTLKNVGKAVLGKVLENV,31.24999998054126,1
GIWKSLFTKLLKG,6.707672452469943,1
GIWKTIKSMGKVFAGAIKQNL,16.250000000474127,1
GIWKTIKSMGKVFAGAILQNL,10.937499998588178,1
GIWKTIKSMGKVFAGKIKQNL,18.97222222160346,1
GIWKTIKSMGKVFAGKILQNL,5.6344635400301835,1
GIWSSLLKKLKKIIAK,9.077777782454518,1
GKAMSLLKHILK,62.3249999948364,1
GKFHQIKKMFLSVGVKVTSLKRIQFGDF,16.666666676982825,1
GKFLKKAKKFGK,324.7000802589066,1
GKFMSLLKHILK,25.766666659377318,1
GKGALKKFLAKKVAKTVAKQAAKQGAKYVVNKQME,16.249999991481246,1
GKGRWLERIGKAGGIIIGGALDHL,26.901509971939802,1
GKIIKLKASLKLL,20.70383785305237,1
GKIIKVVK,100.0,1
GKKKKSVQWCA,39.09999996435967,1
GKKYRRFRWKFKGKWFWFG,6.3027608453256345,1
GKKYRRFRWKFRKGRFWFWG,7.7964753933762125,1
GKKYRRFWKFKGKWFWFWG,92.96062843159487,1
GKLQAFLAKMKEIAAQTL,2.3999999994552326,1
GKLSSLWKKLKKIIAK,16.144444446031883,1
GKLTKDKLKRGAKKALNVASKVAPIVAAGASIAR,9.598000000496935,1
GKLWLKGGKLWLKGGKLWLKG,31.99999997642847,1
GKMKEYFKKFGASFKRRFANLKKRL,1.7333333339070691,1
GKPRPYSPRPTPHPRL,5.387529003889458,1
GKPRPYSPRPTSHPRPIR,32.390183550171194,1
GKPRPYSPRPTSHPRPIRV,14.782587931337444,1
GKQYFPKVGGRLSGKAPLAAKTHRRLKP,5.659644214091689,1
GKSDVRRWRSRY,100.0,1
GKWKKILGHLIR,38.21428572201652,1
GKWKSLLKHILK,30.44285714150246,1
GKWLSLLKHILK,14.657142852044858,1
GKWMHLLKHILK,15.625000011731066,1
GKWMKLLKHILK,12.999999993822314,1
GKWMSALKHILK,63.1749999806596,1
GKWMSFLKHILK,14.728571427160702,1
GKWMSLLKHILK,12.515061724139521,1
GKWMSLLKHIWK,16.250000000565787,1
GKWMSLLKHWLK,16.599999997476306,1
GKWMSLLKKILK,16.999999997145434,1
GKWMSLLKQILK,16.274999987666178,1
GKWMSLWKHILK,23.149999997006816,1
GKWMSWLKHILK,7.24999999730935,1
GKWMTLLKHILK,18.228571420473607,1
GKWQSLLKHILK,22.975000008477462,1
GKWSKILGHLIR,36.387500008803556,1
GKWWSLLKHILK,12.439999993523907,1
GLAANFLPKIFCKITRKC,21.17959994225538,1
GLADFLNKAVGKVVDFVKS,68.74999999504837,1
GLADVIKKVASVIGGL,57.72539169646908,1
GLAKRIKTLL,34.16009454367698,1
GLARIVVIRVAR,47.41580051866532,1
GLFAVIKKVAAVIKKL,24.764977589110902,1
GLFAVIKKVAAVIRRL,26.032559118915962,1
GLFAVIKKVAKVIKKL,27.85245557378802,1
GLFAVIKKVASVIKGL,16.162205352367366,1
GLFAVIKKVASVIKKL,20.80676461478167,1
GLFDIAKKVIGVIGSL,26.070968623818686,1
GLFDIIKKIAESF,52.53391172255141,1
GLFDIIKKIAESI,25.920531368088042,1
GLFDIIKKVASVIGGL,22.495160778723935,1
GLFDIIKKVASVVGGL,27.641057698634185,1
GLFDIIKNIFSGL,63.80393047420479,1
GLFDIVKKIAGHIAGSI,38.62197085432549,1
GLFDIVKKIAGHIASSI,23.713924711485408,1
GLFDIVKKIAGHIVSSI,25.534149565670027,1
GLFDIVKKVV,114.55362663425676,1
GLFDIVKKVVGAAGSL,81.32798944602241,1
GLFDIVKKVVGAFGSL,24.54590380543577,1
GLFDIVKKVVGAIGSL,15.470741230054736,1
GLFDIVKKVVGAL,54.95580941894094,1
GLFDIVKKVVGALGSL,33.41680108617207,1
GLFDIVKKVVGAVGSL,66.58647155949062,1
GLFDIVKKVVGTIAGL,29.789046243584625,1
GLFDIVKKVVGTLAGL,14.00835012794478,1
GLFDIWAWWRWRR,78.20984988549223,1
GLFDIWKKLRWRR,45.11132576350929,1
GLFDIWKKWRWRR,48.19956363027909,1
GLFDIWKWWRWRR,20.985066233963714,1
GLFDKWAWWRWRR,58.52509777191185,1
GLFDVIAKVASVIGGL,58.80368589393983,1
GLFDVIAKVASVIKKL,14.957631231188218,1
GLFDVIKKLLKKIGGL,5.874999998909729,1
GLFDVIKKLLKKIKGL,5.075000000850416,1
GLFDVIKKVAAVIGGL,30.764769525881054,1
GLFDVIKKVASKIGGL,51.469257826170924,1
GLFDVIKKVASVIGGA,58.24270085929998,1
GLFDVIKKVASVIGGL,12.376592991978427,1
GLFDVIKKVASVIKKL,30.96609069965205,1
GLFDVIKKVLKKIGGL,18.77499998698074,1
GLFEVIKKVASVIGGL,41.30929522883233,1
GLFGILGSVAKHVLPHVIPVVAEHL,15.366227332187517,1
GLFGVLAKVAAHVVPAIAE,64.00000000237446,1
GLFGVLAKVAAHVVPAIAEH,64.00000000237446,1
GLFGVLAKVAAHVVPAIAEHF,12.378771806216127,1
GLFGVLAKVAAHVVPAIAKHF,13.999999995765844,1
GLFGVLAKVAAKVVPAIAEHF,15.999999997350368,1
GLFGVLAKVAAKVVPAIAKHF,7.5000000028378455,1
GLFGVLAKVASHVVPAIAEHFQA,36.24448837482352,1
GLFGVLGSIAKHVLPHVVPVIAEKL,20.09049653221038,1
GLFKGKKKNKKTK,250.00000018879032,1
GLFKVIKKVAKVIKKL,25.626281331171683,1
GLFKVLGSVAKHLLPHVAPIIAEKL,13.750004503686995,1
GLFKVLGSVAKHLLPHVAPVIAEKL,17.139310975239816,1
GLFKVLGSVAKHLLPHVVPVIAEKL,11.922932317294002,1
GLFSVLGAVAKHVLPHVVPVIAEKL,8.908953567954658,1
GLFSVLGSVAKHLLPHVAPIIAEKL,16.160725785701857,1
GLFSVLGSVAKHLLPHVVPVIAEKL,14.653982419951875,1
GLFSVLGSVAKHVVPRVVPVIAEHL,68.74999999504837,1
GLGKFLHSAKRFGKAFVGEAMNS,74.99999993235582,1
GLGSLVGNALRIGAKLL,31.24999998054126,1
GLGSVFGRLARILGRVIPKV,3.000000000383473,1
GLGSVLGKALKIGANLL,19.537500000784508,1
GLKDIFKAGLGSLVKGIAAHVAN,83.33333339750016,1
GLKDKFKSMGEKLKQYIQTWKAKF,11.862437556904673,1
GLKDMIKNLAKEAAVKLAGAVINKFSPQPQ,13.999999991481246,1
GLKEIFKAGLGSLVKGIAAHVAN,83.33333339750016,1
GLKEIFKAGLGSLVKGIAAHVAS,34.99999999798456,1
GLKKIFKAGLGSLKKGIAAHVAS,66.00000003481162,1
GLKKIFKKGLGSLVKGIAAHVAS,55.50000003736194,1
GLKKLISWIKRAAQQG,9.320300784218928,1
GLLALISWIKRKRQQ,13.6633598317862,1
GLLARIKTLL,20.047487038790326,1
GLLDALSGILGL,21.903743747673644,1
GLLDFAKHVIGIASKL,74.99999998065721,1
GLLDFVTGVGKDIFAQLIKQI,64.00000000237446,1
GLLDIVKKVVGAFGSL,17.327230190864007,1
GLLDLAKHVIGIASKL,100.0,1
GLLDTLKGAAKNVVGSLASKVMEKL,122.50000005604772,1
GLLGAMFKVASKVLPHVVPAITEHF,37.49999999009672,1
GLLGKLLKIAAKVGKKLL,10.333333340917347,1
GLLGKLLKIAAKVGSNLL,7.166666665468129,1
GLLGLLGSVVSHVLPAITQHL,28.618164394778354,1
GLLGLLGSVVSHVVPAIVGHF,57.80000000294149,1
GLLGPLLKIAAKVGKNLL,13.50000000686122,1
GLLGPLLKIAAKVGSKLL,9.333333333824246,1
GLLGPLLKIAKKVGSNLL,33.33333333302416,1
GLLGTLGNLLNGLGL,35.09549942490204,1
GLLGVLGSVAKHVLPHVVPVIAEHL,31.527747902807146,1
GLLKAIKTLL,7.013403077927075,1
GLLKFIKTLL,1.7459976707542846,1
GLLKFIKWLL,66.73999997447406,1
GLLKKIKKLL,78.93999995542853,1
GLLKKIKTLL,164.38832382207906,1
GLLKKIKWLL,27.760000009042237,1
GLLKKLLKIAAKVGKKLL,7.166666665468129,1
GLLKKWLKKWKEFKRIVGY,20.698692010308335,1
GLLKLIKTLL,1.7994338461109516,1
GLLKNIKTLL,46.296059075663564,1
GLLKPLLKIAAKVGSNLL,11.75833333649539,1
GLLKR,52.9245237939966,1
GLLKRAKTLL,36.85694410417976,1
GLLKRI,54.37135696794592,1
GLLKRIK,33.85446234500251,1
GLLKRIKALL,10.671762552921379,1
GLLKRIKFLL,6.6635642264019195,1
GLLKRIKILL,9.858192055995643,1
GLLKRIKKLL,77.538617242484,1
GLLKRIKKLLKKIKKLL,10.949999998181141,1
GLLKRIKLLL,8.572340906025431,1
GLLKRIKNLL,14.561183732903537,1
GLLKRIKSLL,100.0,1
GLLKRIKT,24.779847196705308,1
GLLKRIKTAL,35.95799422864647,1
GLLKRIKTL,41.293298441788814,1
GLLKRIKVLL,19.088673733837542,1
GLLKRIKWLL,2.42014568153898,1
GLLKVIKTLL,2.733649336851315,1
GLLKVIKVLL,19.1700080218841,1
GLLKWIKKLL,4.319999997699604,1
GLLKWIKTLL,19.16474293720071,1
GLLPLLSLLGKLL,32.420000004368326,1
GLLRKWGKKWKEFLRRVWK,12.723365640755766,1
GLLSKFGRLARKLARVIPKV,2.382352940823144,1
GLLSLLSLLGKLL,90.77999999009748,1
GLLSRIKTLL,100.0,1
GLLSSLSSVAKHVLPHVVPVIAEHL,19.737402739351428,1
GLLSVLGSVAKHVLAHVVAVIAEHL,36.18868790190301,1
GLLSVLGSVAKHVLGHVVPVIAEHL,22.374758274891473,1
GLLSVLGSVAKHVLPHVVPVIAEHL,7.68139921314472,1
GLLSVLGSVAKHVLPHVVPVIAEKL,24.895248125134497,1
GLLSVLGSVAQHVLPHVVPVIAEHL,11.881499045107295,1
GLLSVLGSVVKHVIPHVVPVIAEHL,13.05615000357613,1
GLLTRIKTLL,200.0000001547424,1
GLLWHLLH,222.63026531098964,1
GLLWHLLHHLLH,6.271153581328679,1
GLLWHLLHHLLHLLHH,115.61431088829244,1
GLNTLKKVIQGLHEVIKLVNNHA,15.99999998806534,1
GLPALISLIKRKRQQ,35.73297394640559,1
GLPALISSIKRKRQQ,82.51627764019314,1
GLPALISWIKRKR,9.46099446362476,1
GLPALISWIKRKRGG,16.8180401281661,1
GLPALISWIKRKRQ,2.861105818142292,1
GLPALISWIKRKRQQ,18.597461220355722,1
GLPALISWIKRKRQQG,37.13801240142353,1
GLPALISWSKRKRQQ,48.90451070272646,1
GLPALSSWIKRKRQQ,68.73779722205558,1
GLPASISWIKRKRQQ,100.14678527607286,1
GLPLLISWIKRKRQQ,14.595110389260723,1
GLRILLLKV,27.759999995770254,1
GLSALISWIKRKRQQ,2.045833623120366,1
GLVDVLGKVGGLIKKLLP,31.99999997642847,1
GLVGTLLGHIGKAILG,42.32800622097485,1
GLVGTLLGHIGKAILS,67.66441508818043,1
GLVSSIGKALGGLLVDVVKSKGQPA,49.9999999613144,1
GLVSSIGKVLGGLLADVVKSKGQPA,25.000000018879035,1
GLVTGLLKTAGKLLGDLFGSLSG,25.95769230582713,1
GLVTSLIKGAGKLLGGLFGSVTG,9.371875001958523,1
GLWEKIKEKASELVSGIVEGVK,1.2501144897504766,1
GLWEKVKEKANELVSGIVEGVK,41.44598581288051,1
GLWQKIKDKASELVSGIVEGVK,0.16773114436019776,1
GLWQKIKNAAGDLASGIVEGIKS,15.918917619862496,1
GLWQKIKSAAGDLASGIVEAIKS,8.024965832912395,1
GLWSKIKAAGKEAAKAAAKAAGKAALNAVSEAV,10.937500002755769,1
GLWSKIKEVGKEAAKAAAKAAGK,62.50000000943952,1
GLWSKIKEVGKEAAKAAAKAAGKAALGAVSEAV,7.584723239367972,1
GLWSTIKNVGKEAAIAAGKAALGAL,6.4499999990977575,1
GLWSTIKNVGKEAAIAAGKAVLGSL,1.0000000002579041,1
GLWSTIKQKGKEAAIAAAKAAGQAALGAL,8.494117646674901,1
GMASKAGAIAGKIAKVALKAL,21.27414341211802,1
GMASKAGAIAGKIAKVALKALGGC,6.299999993420215,1
GMASKAGAIAGKIAKVAWKAL,12.499999999768118,1
GMASKAGAIAGKIAKVAWKALGGA,25.000000018879035,1
GMASKAGAIAGKIAKVAWKALGGC,6.299999993420215,1
GMASKAGAIAGKIAKVAWKALGGS,12.499999999768118,1
GMASKAGSVAGKIAKFALGAL,106.66666670991003,1
GMASKAGSVLGKITKIALGAL,54.16666665369417,1
GMASKAGSVLGKLAKVAIGAL,62.50000000943952,1
GMASKAGSVLGKVAKVALKAAL,24.69090909245142,1
GMASLLAKVLPHVVKLIK,9.466666671972536,1
GMASTAGSVLGKLAKAVAIGAL,200.0000001547424,1
GMATAAGTTLGKLAKFVIGAV,80.00000000148404,1
GMATKAGTALGKVAKAVIGAAL,81.8749999977097,1
GMLKRIKTLL,200.0000001547424,1
GMLKRIKTLM,200.0000001547424,1
GMMKRIKTMM,200.0000001547424,1
GMWKKILGHLIR,17.15833332589182,1
GMWKKILGKLIR,23.29090908280689,1
GMWPKILGHLIR,52.82499999303645,1
GMWSKIKETAMAAAKEAAKAAGKTISDMIKQ,26.535999996064085,1
GMWSKIKNAGKAAAKAAAKAAGKAALDAVSEAI,6.51857142985468,1
GMWSKILGHL,80.62499999855763,1
GMWSKILGHLI,31.499999997717403,1
GMWSKILGHLIK,34.050000007519955,1
GMWSKILGHLIR,14.698395054622997,1
GMWSKILGKLIR,18.44285713330215,1
GMWSKILGPLIR,58.40000000532351,1
GMWSKILPHLIR,55.82500000410053,1
GMWSKIPGHLIR,81.25000000471977,1
GNNKPVYIPRPRPPHPRLV,19.478971391961945,1
GNNRPVYIAQPRPPHPAL,62.585651574737845,1
GNNRPVYIAQPRPPHPRL,60.02773671070208,1
GNNRPVYIPQPRPPHPAL,61.78025392830639,1
GNNRPVYIPQPRPPHPL,43.71086906532913,1
GNNRPVYIPQPRPPHPRF,30.49505010141137,1
GNNRPVYLPQPRPPHPRI,14.853228907352202,1
GRAKRFRKKAKKLFKKLSPVIPLLHL,6.974999998934603,1
GRFKRFRKKAKKLFKKLSPVIPLLHL,6.974999997398206,1
GRFKRFRKKFKKAFKKASPVIPLLHL,6.974999995585811,1
GRFKRFRKKFKKLFKKASPVIPLLHL,6.9250000012418385,1
GRFKRFRKKFKKLFKKLSPVIPLLHLG,2.17045454546578,1
GRFRRLRKKTRK,128.00000010378406,1
GRFRRLRKKTRKRLKKIGKV,67.07692311198794,1
GRFRRLRKKTRKRLKKIGKVLKAI,90.66666674008144,1
GRFRRLRKKTRKRLKKIGKVLKKI,50.66666667468669,1
GRFRRLRKKTRKRLKKIGKVLKLI,2.833333332338819,1
GRFRRLRKKTRKRLKKIGKVLKWI,2.166666667194842,1
GRFRRLRKKTRKRLKKIGKVLKWIPPIVGSIPLG,3.833333331750948,1
GRFRRLRKKTRKRLKKIGKVLKWIPPIVGSIPLGCG,23.166666684621138,1
GRIKRIRKKIKKLIKKLS,4.333333331602208,1
GRILSFIKGLAEHL,36.20049397723609,1
GRKSDCFRKSGFCAFLKCPSLTLISGKCSRFYLCCKRIW,0.09769230767067084,1
GRLKKLGKKIEGAGKRVFKAAEKALPVVAGVKAL,7.32586206510631,1
GRLQAFLAKMKEIAAQTL,2.744999999072945,1
GRPMGHQAIETGLNIFRGLFKGKKKNKKTK,76.82999993094064,1
GRPNPVNNKPTSHPRPIRV,31.828948977627512,1
GRRGPRRANQNGTRRRRRRT,62.50000000943952,1
GRRKRKWLRRIGKGVKIIGGAALDHL,2.8284271215160777,1
GRRPRPRPRP,160.000000126762,1
GRRPRPRPRPFFF,120.00000007443917,1
GRRPRPRPRPFFFF,83.33333337608201,1
GRRPRPRPRPWWW,46.666666662250606,1
GRRPRPRPRPWWWW,26.666666666914008,1
GRRRRSVQWCA,123.60728003810402,1
GRRYKKFRWKFKGRWFWFG,11.123332871930138,1
GRWKRWRKKWKKLWKKLS,3.9999999990302193,1
GSPALISWIKRKRQQ,80.59629265589257,1
GTGLPMSERRKIMLMMR,77.33333332547615,1
GVADILKGAAKDIAGHLASKVMNKL,100.0,1
GVAKFGKAAAHFGKGWIKEMLNS,75.9999999508625,1
GVFDIIKDAGKQLVAHAMGKIAEKV,247.3089047293807,1
GVFDIIKDAGKQLVAHATGKIAEKV,218.72765594551063,1
GVFDIIKDAGRQLVAHAMGKIAEKV,190.5799415256124,1
GVFDIIKGAGKQLIAHAMGKIAEKV,170.8832059970216,1
GVFRRLRKVTRKVLKKIGKVLKWI,3.666666664407366,1
GVFRVLRKVTRVVLKVIGKVLKWI,2.6666666666914005,1
GVGDLIRKAVSVIKNIV,21.240984790175403,1
GVIDAAKKVVNVLKNLF,19.8738013714932,1
GVIDAAKKVVNVLKNLP,22.057957303850557,1
GVIDIIKGAGKDLIAHAIGKLAEKV,193.3234343868452,1
GVIKSVLKGVAKTVALGML,16.343749994888746,1
GVLDILKGAAKDLAGHVATKVINKI,46.749999994719374,1
GVLKRIKTLV,200.0000001547424,1
GVLSAFKNALPGIMKIIV,15.220882870470552,1
GVLSNVIGYLKKLGTGALNAVLKQ,55.08250176877747,1
GVLSVIKNALPGIMRF,14.766666665184749,1
GVLSVIKNALPGIMRFIA,14.039915962622999,1
GVVAILKGAAKDIAGHLASKVMNKL,83.33333332043814,1
GVVDALKGAAKDIAGHLASKVMNKL,100.0,1
GVVDIAKGAAKDIAGHLASKVMNKL,100.0,1
GVVDILAGAAKDIAGHLASKVMNKL,100.0,1
GVVDILKAAAKDIAGHLASKVMNKL,79.16666666336558,1
GVVDILKGAAADIAGHLASKVMNKL,100.0,1
GVVDILKGAAKAIAGHLASKVMNKL,42.1866666600424,1
GVVDILKGAAKDAAGHLASKVMNKL,100.0,1
GVVDILKGAAKDIAAHLASKVMNKL,77.0833333268471,1
GVVDILKGAAKDIAGALASKVMNKL,100.0,1
GVVDILKGAAKDIAGHASKVMNKL,100.0,1
GVVDILKGAAKDIAGHLAAKVMNKL,87.50000000314651,1
GVVDILKGAAKDIAGHLASAVMNKL,100.0,1
GVVDILKGAAKDIAGHLASKAMNKL,100.0,1
GVVDILKGAAKDIAGHLASKVANKL,100.0,1
GVVDILKGAAKDIAGHLASKVM,200.87750011602935,1
GVVDILKGAAKDIAGHLASKVMAKL,91.66666666021906,1
GVVDILKGAAKDIAGHLASKVMN,210.0400001861901,1
GVVDILKGAAKDIAGHLASKVMNAL,100.0,1
GVVDILKGAAKDIAGHLASKVMNKA,100.0,1
GVVDILKGAAKDIAGHLASKVMNKL,111.87083332519882,1
GVVDILKGAAKDIAGHLLSKVMNKL,64.5833333299936,1
GVVDILKGAAKDILGHLASKVMNKL,42.70833332590587,1
GVVDILKGAAKDLAGHLATKVMNKL,144.44444452181563,1
GVVDILKGALKDIAGHLASKVMNKL,47.91666665043172,1
GVVDILKGLAKDIAGHLASKVMNKL,47.91666665043173,1
GVVKRIKTVV,200.0000001547424,1
GVVPVVSVVGKVV,100.0,1
GVVTDLLKTAGKLLGNLFGSLSG,31.622222211603304,1
GVVTDLLKTAGKLLGNLVGSLSG,86.61538463196737,1
GVVTDLLNTAGGLLGNLVGSLSG,349.9999999457929,1
GVVVRIGRVIVRGVRR,5.9999999985638794,1
GVVVRIGRVVVRGVRR,6.999999999356142,1
GVVVRVARVVVRWVRR,4.666666664174197,1
GVVVRVGRVVVRGVRR,10.000000003280352,1
GVVVRVGRVVVRWV,8.000000000148404,1
GVVVRVGRVVVRWVRR,2.6666666666914005,1
GVVVRVGRVVVRWVRRRR,2.9999999992633892,1
GVVVRVPRVVVRWVRR,5.333333331369038,1
GVVVRWGRVIVRGVRR,3.9999999969793545,1
GVVVRWGRVVVRGVRR,5.9999999985638794,1
GVVVRWGRVWVRGVRR,2.9999999992633892,1
GVWDWLKKTAKNVWNSDIVKQLKGKAINAAKNYVAEKIGATPS,21.55931088006775,1
GWASKIGQTLGKIAKVGLKELIQPK,59.61780067361176,1
GWFDVVKHIAKRF,31.24999998054126,1
GWFKKAWRKVKNAGRRVLKGVGIHYGVGLI,11.314391118740375,1
GWGSFFKKAAHVGKHVGKA,33.33333331835377,1
GWGSFFKKAAHVGKHVGKAALT,10.0,1
GWGSFFKKAAHVGKHVGKAALTHYL,5.060321252802303,1
GWGSIFKHGRHAAKHIGHAAVNHYL,11.21998141338405,1
GWKKWFNRAKKVGKTVGGLAVDHYL,2.328107254144809,1
GWKKWLRKGAKHLGQAAIK,5.191831045656341,1
GWKKWLRKGAKHLGQAAIKGLAS,6.60157928304251,1
GWKSVFRKAKKVGKTVGGLALDHYL,14.466744269999205,1
GWLDVAKKIGKAAFNVAKNFI,5.857142856364618,1
GWLDVAKKKGKAAFNVAKNFI,24.833333337457002,1
GWLKKIGKKIERVGQHTRDATIQGLGIAQQAANVAATAR,67.02307697470268,1
GWMSKIASGIGTFLSGMQQ,28.550588230750755,1
GWRLLLKKAEVKTVGKLALKHYL,2.8284271215160777,1
GWRTLLKKAEVKTVGKLALKHYL,1.2677586387323647,1
HCLAIGRR,34.9506739552664,1
HFKGTLVNLAKKIL,90.66666674008144,1
HFLGKLVNLAKKIL,25.090909099294777,1
HFLGTKVNLAKKIL,128.00000010378406,1
HFLGTLKNLAKKIL,39.27272729318121,1
HFLGTLVKLAKKIL,23.27272728412011,1
HFLGTLVNKAKKIL,128.00000010378406,1
HFLGTLVNLAKKIK,128.00000010378406,1
HFLGTLVNLAKKKL,128.00000010378406,1
HFLGTLVNLKKKIL,128.00000010378406,1
HFLKTLVNLAKKIL,23.636363648044572,1
HKLGTLVNLAKKIL,88.00000006923885,1
HKTDSFVGLM,440.79847261709745,1
HKWMSLLKHILK,35.82499999993798,1
HLRRINKLLTRIGLYRHAFG,27.494284010529732,1
HRHR,100.0,1
HRWWRWWRH,8.3333333376082,1
HRWWRWWRR,5.666666666765603,1
HSDAVFTDNYTRLRKQMAVKKYLNSILN,57.358741516089594,1
HSSGYTRPLPKPSRPIFIRPIGCDVCYGIPSSTARLCCFRYGDCCHR,49.9999999613144,1
HSSGYTRPLRKPSRPIFIRPIGCDVCYGIPSSTARLCCFRYGDCCHL,13.116666660140494,1
IAPWKWPWWPWRR,0.3999999996979355,1
ICLKKWPWWPWRRCK,18.531169072076267,1
IDWKKIFEKVKDLV,32.500000026835124,1
IDWKKLLDAAKQIL,5.28704132613102,1
IDWLKLGKMVIDAL,12.500000006834682,1
IDWLKLGKMVMDVL,79.99380625925947,1
IFGAIAGLLKNIF,11.7061269602435,1
IFGAILPLALGALKNLIK,27.850000001108157,1
IFGAIWNGIKSLF,45.72003060500313,1
IFGAIWSGIKSLF,5.599999998246974,1
IFHHIFKGIVHVGKTIHRLVTG,33.18181818756569,1
IFKAIWSGIKSLF,4.600000000853307,1
IGCWTKSIPPRPCFVK,65.49362491923742,1
IGGYCSWLRL,31.81818181128988,1
IGKFLKKAKKFG,257.92834736258425,1
IIEKLVNTALGLLSGL,25.000000018879035,1
IIGHLIKTALGFLGL,100.0,1
IIGHLIKTALGMLGL,34.25000000427484,1
IIGLVSKGTCVLVKTVCKKVLKQ,33.33333333302416,1
IIGPVLGLIGKALGGLL,160.67999994469176,1
IIGPVLGLVGKALGGLL,83.85468972199266,1
IIGPVLGLVGSALGGLLKKI,3.9999999990339723,1
IIGPVLGMVGSALGGLLKKI,2.950000002319729,1
IIRKIIRK,481.0644839789503,1
IKFEPPLPPKKAH,35.512627901982704,1
IKIKIKIK,31.256113488699047,1
IKKIIKKI,499.99999961314404,1
IKKIIKKIIK,499.99999961314404,1
IKKIIKKIIKKI,195.29999994411742,1
IKKILSKIKKLLK,22.69687499917085,1
IKKIVSKIKKLL,7.4199999998873905,1
IKKIVSKIKKLLK,7.794999997969918,1
IKKIVSKIKKVLK,6.248749997440295,1
IKKWWSKIKKLLK,4.6880000021025845,1
IKLSKETKDNLKKVLKGAIKGAIAVAKMV,20.440909088032964,1
IKLSKETKKNLKKVLKGAIKGAIAVAKMV,17.586363631829606,1
IKLSKKTKDNLKKVLKGAIKGAIAVAKMV,21.331818181857276,1
IKLSPETKDNLKKVLKGAIKGAIAVAKMV,24.815796613154518,1
IKLSPETKKNLKKVLKGAIKGAIAVAKMV,15.810714284652706,1
IKLSPKTKDNLKKVLKGAIKGAIAVAKMV,21.777272726228606,1
IKLSPKTKKNLKKVLKGAIKGAIAVAKMV,15.786363633058611,1
IKPAGKLFKLFK,303.9353365424687,1
IKQLLHFFQRF,34.02707486667782,1
IKQLLHFFQRFGGGFIKHFIHRF,15.974391066776477,1
IKQLLHFFQRFGGGRWRRLLKKLHHLLH,4.52458413120218,1
IKQLLHFFQRFGGGRWRWRWF,8.267548157327894,1
IKTLLHFFQRF,22.0729249678154,1
IKWAGKLFKLFK,6.423849654802267,1
IKWKAILDAVKKVI,22.255725468230224,1
ILAWKWAWWAWRR,16.727199185645624,1
ILAWKWAWWPWRR,41.25000000895873,1
ILAWKWPWWAWRR,49.99999999976812,1
ILAWKWPWWPWRR,34.0799999731738,1
ILGAAWNGAKSLF,74.20818198421773,1
ILGAILPLVSGLLSNKL,174.66666661982586,1
ILGAVWNGVKSLF,71.24199375766165,1
ILGEIWKGIKDIL,49.99137804084729,1
ILGIITSLLKSL,28.628193639495542,1
ILGKAWEGAKSLF,70.43909832091677,1
ILGKIAEGIKSLF,57.599999997185265,1
ILGKIIKVVK,69.99999998489677,1
ILGKILEGIKSLF,16.800000002287284,1
ILGKILKGIKKLF,1.6000000009284545,1
ILGKIWEGIESLF,66.45546237086666,1
ILGKIWEGIKSLF,21.67777454925691,1
ILGKIWKGIKSLF,33.96937186458008,1
ILGKIWKPIKKLF,1.312500000531927,1
ILGKLLKTAAGLLSNL,55.00000000939502,1
ILGKLLKTAAKLLSNL,9.111111114845437,1
ILGKLLSTAAGLLKNL,53.111111131549485,1
ILGKLLSTAAGLLSKL,85.33333335602971,1
ILGKLLSTAAGLLSNL,115.42857139637343,1
ILGKLLSTAAKLLSKL,10.000000000798353,1
ILGKLLSTAAKLLSNL,19.999999991996823,1
ILGKLLSTAWGLLSKL,5.999999994699767,1
ILGKLLSTAWGLLSNL,6.999999999770207,1
ILGKLLSTWAGLLSNL,21.000000012866145,1
ILGKLLSWAAGLLSNL,11.999999998684073,1
ILGKLWEGLKSLF,53.1976615568105,1
ILGKLWEGVKSI,25.000000018879035,1
ILGKVWEGVKSLF,67.76113097102699,1
ILGLVISTIGNVLGGLLKNL,49.81420297298813,1
ILGPVIKTIGGVIGGLLKNL,18.603253552651427,1
ILGPVISKIGGVLGGLLKNL,4.588478949233236,1
ILGPVISTIGGVLGGLLKNL,3.489515608717415,1
ILGPVISTIGNALGGLLKNL,50.9329878888252,1
ILGPVISTIGNVLGGLLKNL,50.21549475556148,1
ILGPVLGLDGNALGGLIKKI,50.98421712582128,1
ILGPVLGLVGDTLGDLL,60.06079590194015,1
ILGPVLGLVGNALGGLIKKI,6.853651762663543,1
ILGPVLGLVGNALGGLIKKL,17.68242154035469,1
ILGPVLGLVGSALGGLI,64.56163868620193,1
ILGPVLGLVSNALGGLL,62.2681019783048,1
ILGPVLGLVSNTLDDVLGIL,49.47074219437573,1
ILGPVLSMVGSALGGLIKKI,4.237703287487174,1
ILGTILGLLKGL,31.33141098049631,1
ILGTILGLLKSL,12.091171299461978,1
ILGTILGPLKGL,255.99999981617657,1
ILGTILPLLKGL,255.99999981617657,1
ILGTIPGLLKGL,255.99999981617657,1
ILGWKWGWWGWRR,0.3999999996979355,1
ILKKWPWWPWRRK,12.007157132720092,1
ILKWKWPWWKWRR,4.231442647626934,1
ILKWKWPWWPWRR,5.159089820252032,1
ILLKKLLKKI,196.33776748308964,1
ILPAKWPWWPWRR,0.3999999996979355,1
ILPEKEPEEPERR,100.0,1
ILPHKHPHHPHRR,100.0,1
ILPIKIPIIPIRR,25.000000018879035,1
ILPILAPLIGGLL,100.0,1
ILPILGNLLNGLL,100.0,1
ILPILGNLLNSLL,100.0,1
ILPILSLIGGLL,94.93750001433999,1
ILPIRSLIKKLL,15.921428572294204,1
ILPKKKPKKPKRR,100.0,1
ILPKKKPWWPWRR,20.935754534574475,1
ILPKKWPKLPWRR,11.520197780706292,1
ILPLKLPLLPLRR,11.823901770060779,1
ILPLKLPLLPWRR,7.739650064337697,1
ILPLKLPWLPLRR,9.287580077684296,1
ILPLKLPWWPWRR,10.648256418508288,1
ILPLKWPWWPWRR,5.680898165952242,1
ILPSKSPSSPSRR,100.0,1
ILPVKVPVVPVRR,100.0,1
ILPWAWPWWPWRR,0.8000000000148405,1
ILPWDWPWWPWDD,100.0,1
ILPWKAPWWPWRR,0.8000000000148405,1
ILPWKKPKKPKRR,4.974771241742823,1
ILPWKKPKKPWRR,5.769819401616758,1
ILPWKKPKLPWRR,3.3349983094428812,1
ILPWKLPWWPWRR,5.395581143601313,1
ILPWKWAWWAWRR,41.25000000895873,1
ILPWKWAWWPWRR,20.079999995593646,1
ILPWKWKWWPWRR,4.56493413172606,1
ILPWKWPAWPWRR,0.8000000000148405,1
ILPWKWPFFPWRR,2.000000001547424,1
ILPWKWPKKPWRR,6.513345851523824,1
ILPWKWPKLPWRR,5.866524521452174,1
ILPWKWPLLPWRR,7.097575828654744,1
ILPWKWPLWPWRR,3.1239488031750944,1
ILPWKWPW,6.299999993420215,1
ILPWKWPWAPARR,33.39309664108623,1
ILPWKWPWAPWRR,0.8000000000148405,1
ILPWKWPWLPKRR,11.14376921459363,1
ILPWKWPWLPLRR,33.1220205220455,1
ILPWKWPWLPWKK,10.54630339098739,1
ILPWKWPWLPWRR,2.8386317808241657,1
ILPWKWPWLPYRR,10.92841687392203,1
ILPWKWPWWAWRR,28.319999988170462,1
ILPWKWPWWKWRR,6.448862276930707,1
ILPWKWPWWP,1.6000000012676199,1
ILPWKWPWWPARR,10.364766099929051,1
ILPWKWPWWPLRR,5.680898165952242,1
ILPWKWPWWPW,0.8000000000148405,1
ILPWKWPWWPWAR,0.3999999996979355,1
ILPWKWPWWPWR,0.8000000000148405,1
ILPWKWPWWPWRA,0.8000000000148405,1
ILPWKWPWWPWRR,5.387499998838705,1
ILPWKWPYLPWRR,6.327365643424417,1
ILPWRWPWWPWRR,0.3999999996979355,1
ILPYKYPYYPYRR,22.50033737686432,1
ILSAIWSGIKGLL,20.000000005172904,1
ILSAIWSGIKSLF,49.57841993609723,1
INFLKLGKKILGAL,61.24999999711526,1
INLKAIAAFAKKLL,18.38508657406672,1
INLKAIAALAKKLF,12.358370563060515,1
INLKAIAALAKKLL,15.22603013639241,1
INLKAIAALAKKLLG,2.927889401613129,1
INLKAIAAMAKKLL,2.8038685894814703,1
INLKILARLAKKIL,3.8125000002144667,1
INLLKIAKGIIKSL,13.592545989149272,1
INPKSVQSLL,200.0000001547424,1
INSLKLGKKILGAL,100.0,1
INWKALLDAAKKVL,12.334742883729694,1
INWKGIAAMAKKLL,4.423380828623735,1
INWKGIAAMKKLL,6.043564000043807,1
INWKKGKEVLKAL,100.0,1
INWKKIAEIGKQVLSAL,2.6160324175537015,1
INWKKIAEVGGKILSSL,2.693656676878497,1
INWKKIASIGKEV,100.0,1
INWKKIASIGKEVL,100.0,1
INWKKIASIGKEVLK,100.0,1
INWKKIASIGKEVLKA,72.49999996502896,1
INWKKIASIGKEVLKAI,16.349999995799458,1
INWKKIASIGKEVLKAL,18.783333327437976,1
INWKKIFEKVKDLV,6.999999993513598,1
INWKKIFEKVKNLV,14.453333323278372,1
INWKKIFEKVSNLV,17.49999999699932,1
INWKKIFESVKNLV,10.0,1
INWKKIFQKVKNLV,26.500000011713233,1
INWKKIKSIIKAAMN,42.38461535182191,1
INWKKLGKKILGAL,29.250000017773953,1
INWKKLLDAAKQIL,11.214365271631667,1
INWKKMAATALKMI,3.999265986389412,1
INWKSIFEKVKNLV,14.999999998076841,1
INWLKAKKVAGMIL,32.0187416122466,1
INWLKLGKAIIDAL,164.5605932273738,1
INWLKLGKKILGAI,46.25000002257096,1
INWLKLGKKILGAL,26.04999999048699,1
INWLKLGKKMMSAI,52.499999984736604,1
INWLKLGKKMMSAL,37.00000002217441,1
INWLKLGKMVIDAL,12.141235218741862,1
INWLRLGRRILGAL,58.75000000632042,1
INWSKIFEKVKNLV,14.749999992480491,1
INWSSIFEKVKNLV,37.49999997078233,1
INWSSIFESVKNLV,93.74999999775221,1
INWSSIFESVSNLV,100.0,1
IPHAVKAISDLI,200.00000015474242,1
IPPFIKKVLTTVF,31.250000004487877,1
IPWGKVKDFLVGGMKAV,28.999999993839324,1
IRCRRRFCRI,51.50000001538573,1
IRIKIRIK,14.432109793061333,1
IRIKIRIKIRIK,104.96537855696154,1
IRIR,100.0,1
IRIRCRRRFCRIRI,2.9999999983055243,1
IRIRIRIR,9.179354103807583,1
IRVKIRVK,77.24645840937191,1
IRVKIRVKIRVK,31.353718704772792,1
ISGPVLGLVGNALGGLIKKI,52.100846801648984,1
ISKRILTGKK,196.77753627045712,1
ISQSDAILSAIWSGIKSLF,3.9999999969793545,1
ITIPPIVKDTLKKFIKGAISGVM,50.00000000847914,1
ITIPPIVKDTLKKFIKGAISSVM,26.666666666914008,1
IVRVAVALRRIR,51.34410063804927,1
IWLTALKFLGKHAAKHLAKQQLSKL,6.780711877189282,1
IWLTALKFLGKNLGKHLAKQQLAKL,9.991428568430388,1
IWNKIAKSIGKVLEKAL,24.99999998492398,1
IWRIFR,112.00000007843167,1
IWRIFRRIF,4.999999997771617,1
IWRIFRRIFRIF,3.7499999996687956,1
IWRIFRRIFRIFIRF,11.00000000562004,1
IWSAIWSGIKGLL,15.285714280944754,1
IYYPPNHNFP,157.85140560901607,1
KAACAAHCLWR,130.13658236866314,1
KAACAAKCLWR,163.86585789177272,1
KAEDLARYYSALRHYINLITRQRY,1.0,1
KAIAKSILKWIKSIAKAI,6.066666669820985,1
KAKKFGKAFVKI,222.75630002849243,1
KAKLFKKIPKFLHLWKKF,1.500000000773712,1
KALAKALAKLWKALAKAA,10.500000003481562,1
KALKKLLAKWLAAAKALL,6.600000002931092,1
KALWKTMLKKLGTMAL,18.444444439893893,1
KAPAEDLARYYSALRHYINLITRQRY,1.0,1
KAYSMPRCKGGFRAVMCWL,15.119177294995099,1
KAYSTPRCKGLFRALMCWL,13.457348538703862,1
KDGYIIEHRGCKYSCFFGTNSWCNTECTLKKGSSGYCAWPACWCYGLPDNVKIFDSNNLKC,44.81818182442525,1
KDGYLVGNDGCKYSCFTRPGTYCANECSRVKGKDGYCYAWMACYCYSMPNWVKTWNRATNRCGR,42.81818183886019,1
KDLHTVVSAILQAL,42.778325586227126,1
KFAKKFKWFAKAAFKFFKK,4.171954622042439,1
KFFRKLKKSVKKRAKEFFKKPRVIGVSIPF,7.9992060452967255,1
KFGKAFVKILKK,105.20331313574286,1
KFHWWKWRK,178.35985556992196,1
KFKSFIKKLTSKFLHSAKKF,5.178251146467947,1
KFLGTLVNLAKKIL,128.00000010378406,1
KFLHLAKKFPKWKLFKKI,8.168181822166988,1
KFLKKAKKFGKA,367.35125509783285,1
KFWKLLKKALRLWAKVL,6.536768925925643,1
KFWSLLKKALRLWANVL,10.543638637036146,1
KGIVGMLGKLF,55.73333332936036,1
KIAGKIAAIAGKIAKIAGAIAKIAGK,7.7644237895034305,1
KIAGKIAAIAGKIAKIAGAIAKIAGKIA,9.88106954791143,1
KIAGKIAAIAGKIAKIAGKIAK,142.87762769509303,1
KIAGKIAAIAGKIAKIAGKIAKIA,15.093171865942352,1
KIAGKIAKIAGKIA,324.22673542815545,1
KIAGKIAKIAGKIAK,296.7041859793592,1
KIAGKIAKIAGKIAKIA,231.38352772956617,1
KIAGKIAKIAGKIAKIAGK,208.57936958108357,1
KIAGKIAKIAGKIAKIAGKIA,79.47214983629082,1
KIAGKIAKIAGKIAKIAGKIAK,122.73083116224046,1
KIAGKIAKIAGKIAKIAGKIAKIA,9.259166504870358,1
KIAGKIAKIAGKIAKIAGKIAKIAGK,8.979999347659893,1
KIAGKIAKIAGKIAKIAGKIAKIAGKIA,4.370815789405048,1
KIAGKIAKIAKKIAK,283.35735965096717,1
KIAGKIAKKAGKIAK,293.7828018867899,1
KIAGKIAKKAGKIAKIA,262.1152843490754,1
KIAGKIASIAGKIAKIAGKIAK,164.5980854920884,1
KIAGKIASIAGKIAKIAGKIAKIA,21.842207789247848,1
KIAGKIASIAGKIAKIAGSIAKIAGK,68.1710717392609,1
KIAGKIASIAGKIAKIAGSIAKIAGKIA,16.145426579483292,1
KIAKKIAKIAKKIA,293.9649714955894,1
KIAKVALKAL,27.1489212922105,1
KIAKVALKALKIAKGALKAL,4.32499999964295,1
KIAKVALKALKIAKVALKAL,3.974999998327417,1
KIASIGKEVLKAL,100.0,1
KIFGAIWPLALGALKNLIK,10.493368302878817,1
KIGAIKKWGAIKKIGAIK,133.09524530063874,1
KIGAKIKWGAKIKIGAKI,4.159226418708691,1
KIGKAIKWGKAIKIGKAI,61.00198743773225,1
KIKGAIKWKGAIKIKGAI,6.932044035471876,1
KIKIPWGKVKDFLVGGMKAV,24.39999998096913,1
KIKLFKKWPKFLHLAKKF,1.6666666676982826,1
KILGKLWKGVKSIF,15.030990801691647,1
KILGVSKKIMRRISKDILTGKK,30.651376733921317,1
KILRGVAKKIMRTFLRRISKDILTGKK,42.8893698107868,1
KILRGVSKKIMRRILTGKK,37.17709782096348,1
KILRGVSKKIMRRISKDILTGKK,30.925394578996208,1
KILRGVSKKIMRTFLRR,26.870997849985255,1
KILRGVSKRILTGKK,86.61727201833027,1
KISKKIMRTFLRR,84.4084397066606,1
KISKKIMRTFLRRILTGKK,25.399838760590452,1
KISKKIMRTFLRRISKDILTGKK,25.331145439890076,1
KIWFQNKKMKWKK,255.99999981617657,1
KIWFQNRRMKWKK,191.9999999599803,1
KIWVIRWR,13.218076648512836,1
KIWWWWRKR,4.083812282605292,1
KKAAAAAAAAAAAAWAAAAAAKKKK,48.5000000021677,1
KKAAAAFAAFAAWFAAFAAAAKKKK,14.571428566336674,1
KKAAACAAAAACAAWAACAAAKKKK,14.249999997313267,1
KKAAAFAAAAAFAAWAAFAAAKKKK,14.138888882313953,1
KKAAAHAAAAAHAAWAAHAAAKKKK,55.99999999588796,1
KKAAAIAAAAAIAAWAAIAAAKKKK,13.062499996568203,1
KKAAAKAAAAAKAAWAAKAAAKKKK,52.0000000049499,1
KKAAALAAAAALAAWAALAAAKKKK,12.562499997710221,1
KKAAAMAAAAAMAAWAAMAAAKKKK,20.124999991286572,1
KKAAARAAAAARAAWAARAAAKKKK,41.99999999533145,1
KKAAAWAAAAAWAAWAAWAAAKKKK,6.1250000033005465,1
KKAAAYAAAAAYAAWAAYAAAKKKK,14.062499997360465,1
KKAFAAAAAFAAWAAFAKKKK,16.722222211572287,1
KKAGKIAKKAGKIA,317.33023292228734,1
KKAKKFGKAFVK,371.0858060511952,1
KKCRNKKMEVSR,25.88198333094648,1
KKFGKAFVKILK,105.20331313574286,1
KKFWEDDG,180.54079855765394,1
KKIASIGKEVLKAL,87.49999996617791,1
KKIGAIKKWGAIKKIGAI,88.73016349943337,1
KKIMRTFLRR,144.67572210750873,1
KKIMRTFLRRISKDILTGKK,36.785626750936046,1
KKIMRTFLRRISKKILTGKK,24.426634340321822,1
KKKAAAFAAWAAFAKKK,25.33333332010028,1
KKKAAFAAWAAFAAKKK,31.99999997642847,1
KKKAARALKRAL,36.93573189629836,1
KKKALFALWLAFLAKKK,8.000000000148404,1
KKKKIIKRLI,4.746154739542349,1
KKKKKKAAAFAAAAAFAAWAAFAAA,12.833333333151437,1
KKKKKKAAFAAFAAFAA,17.428571427511624,1
KKKKKKAAFAAWAAFAA,11.333333329115066,1
KKKKKKAAFAAWAAFDA,8.000000000148404,1
KKKKKKAAFALWAAFAA,16.0000000126762,1
KKKKKKAAFALWLAFAA,16.0000000126762,1
KKKKKKAAFALWLAFLA,16.0000000126762,1
KKKKKKAAFLAWALFAA,8.000000000148404,1
KKKKKKAAWAAWAAWAA,13.285714278611644,1
KKKKKKALFAAWAAFLA,64.00000000237446,1
KKKKKKALFALWLAFAA,31.99999997642847,1
KKKKKKALFALWLAFLA,16.0000000126762,1
KKKKKKIIKKII,4.84617861227599,1
KKKKKKLLFAAWAAFAA,8.000000000148404,1
KKKKWKLFKKIGIGKFL,4.456666665549815,1
KKKLFWKIPKFLHLAKKF,1.500000000773712,1
KKKLLLLLLLLLKKK,41.24999997151314,1
KKKVVFKVKFK,4.5353786272212355,1
KKKVVFKVKFKK,2.7671567015007468,1
KKKVVFKVKFKKK,1.9142158547019836,1
KKLAGLAKKWAGLAKKLAGLA,6.240244840668321,1
KKLAKALKLLALLWLKLAKALKKA,13.050000009786878,1
KKLAKALKLLAPLWLKLAKALKKA,1.1533333330347848,1
KKLAKALKLPALLWLKLAKALKKA,1.2066666667166037,1
KKLAKAPKLLALLWLKLAKALKKA,2.119999998445938,1
KKLALALKKLALLWKKLALALKKA,2.873333332384222,1
KKLALALKKPALLWKKLALALKKA,3.4700000025436886,1
KKLALAPKKLALLWKKLALALKKA,1.9000000001476687,1
KKLFKKILKDL,76.60000005928052,1
KKLFKKILKEL,89.75000003144251,1
KKLFKKILKGL,33.55000003119393,1
KKLFKKILKHL,10.05000000738289,1
KKLFKKILKIL,22.949999986313152,1
KKLFKKILKKL,95.1000000476239,1
KKLFKKILKLL,8.300000003763664,1
KKLFKKILKQL,55.80000001454449,1
KKLFKKILKRL,64.25000003191887,1
KKLFKKILKTL,36.600000021978985,1
KKLGEPSCNKLK,26.029600870961993,1
KKLIKVFAKGFKKAKKLFKGIG,25.247853113753436,1
KKLKLALAKLALLWKALALKLKKA,1.3566666666985032,1
KKLKLALAKLAPLWKALALKLKKA,0.8500000004745029,1
KKLKLAPAKLALLWKALALKLKKA,1.4099999997619024,1
KKLLFKLKFK,19.16480186961123,1
KKLLKKLLKWL,1.3466823102150822,1
KKLLKWLKKLL,7.392577102764075,1
KKLLKWLLKLL,5.4844723319028095,1
KKPKKPWKPKK,11.949999999088057,1
KKPKLPWKPKK,9.900000006179214,1
KKPKLPWLPKK,9.32500000344598,1
KKPKLPWLPLK,13.325000004310503,1
KKRLKKIFKKPMVIGVTIPF,27.034536520007283,1
KKRYKKKYKAYKPYKKKKKF,46.87499999499038,1
KKVLFKLKFK,16.581954048282434,1
KKVVFKFKFK,9.562932626651866,1
KKVVFKVKFKK,5.061806502502333,1
KKVVFKVKFKKK,2.7671567015007468,1
KKVVFWVKFK,53.71927664810002,1
KKVVPKVKFK,83.29454592393849,1
KKVVVKVKFK,10.846728337414492,1
KKWKIVVIKWKK,2.5251790350479046,1
KKWKIVVIRWRR,1.198978733476949,1
KKWLKKWLK,57.25137117347373,1
KKWMSLLKHILK,14.35000001285338,1
KKWRKLLKKLKKLL,0.899416201817762,1
KKWRKLLKWLAKK,1.459849532144591,1
KKWRWWLKALAKK,3.214394611345584,1
KKWRWWLKALAKKLL,0.386085008429821,1
KKYLLPIVGNLLKSLL,3.8625250054135223,1
KKYRYHLKPFSKK,128.00000010378406,1
KLAGKLAKWAGKLAKLAGKLA,4.992195871375901,1
KLAGLAKKLAGLAKKLAGLAK,24.552371492188367,1
KLAGLAKKWAGLAKKLAGLAK,6.240244840668321,1
KLAGLKAKWAGLKAKLAGLKA,119.81270105429495,1
KLAKGLAKWAKGLAKLAKGLA,7.488293811892004,1
KLAKLAKKLAKLAK,9.312499993399154,1
KLALKAALKAWKAAAKLA,31.833333346765638,1
KLALKLALKAWKAALKLA,4.766666664033791,1
KLALKLALKAWKLALKAA,4.600000001726988,1
KLFAVIKKVAAVIGGL,41.79302653702456,1
KLFAVIKKVAAVIRRL,46.38419244534563,1
KLGFENFLVKALKTVMHVPTSPLL,84.99999995705164,1
KLKAGLAKWKAGLAKLKAGLA,84.8673299133663,1
KLKKKLKKLLKK,292.44181322262335,1
KLKKLLKHLHHLLH,4.550089172189007,1
KLKKLLKKLLKK,212.80531137167077,1
KLKKLLKKLLKL,114.25689323963856,1
KLKKLLKKWLKLLKKLLK,6.857142856385819,1
KLKLLLKLK,33.40285562274331,1
KLKLLLLKLK,19.3024338194912,1
KLKLLLLLKLK,38.457822803633114,1
KLKLVALHKQVL,13.67131708441473,1
KLLAKAALKWLLKALKAA,6.733333329840797,1
KLLGPLLKIAAKVGSNLL,29.166666659987186,1
KLLKFIKKLL,79.60334696445437,1
KLLKKLLKWLK,2.126340489564042,1
KLLKKPLKLKL,11.74285714540024,1
KLLKLLKKLLKLLK,4.099999997642898,1
KLLKLLKLKKLLKL,41.833333334208454,1
KLLKRIKKLL,25.944412529421964,1
KLLKRIKTLL,19.582088860620427,1
KLLKVIKKLL,6.272877709176024,1
KLLKWLKKLLK,2.268096521334036,1
KLLKWLLK,114.69905769576397,1
KLLKWLLKL,15.340536474259586,1
KLLKWWKKLL,12.000000006412302,1
KLLLKLKLKLLK,100.0000000193428,1
KLLLKLKLKLLKGWKRKRFG,84.37500000719558,1
KLLLKLLLKLLK,8.147829201824829,1
KLLLPKLKGLLFKL,22.499999994230524,1
KLLNLLPGLLAGIF,24.99999999493242,1
KLPKLPWKPKK,11.000000004523331,1
KLPLIGRVLSGIL,96.78000000480958,1
KLPLLPWLPKK,64.00000000237446,1
KLPLLPWLPLK,64.00000000237446,1
KLSPSLGPVSKGKLLAGQR,49.50000003945062,1
KLVKRFKKFFRKLKKS,39.68029596043476,1
KLWKLWLKWLK,6.400000001349243,1
KLWLLWLKWLL,39.999999987837036,1
KLWWMIRRW,5.819451941149013,1
KMWSKILGHLIR,43.06666667159465,1
KNLRIIRKGIHIIKKY,28.599999996981804,1
KNLRRIIRKIIHIIKKYGPTILRIIRIIG,2.0516218835257103,1
KNWGAILKHIIK,37.499999985034485,1
KNWGKILKHIIK,22.949999997607467,1
KNWKAILKHIIK,25.55000001843882,1
KNWKKIASIGKEVLKAL,36.2499999733829,1
KNWKKILGKIIKVVK,8.999999990895756,1
KNWKKILKKIIKVVK,5.000000000853355,1
KQFRIRVRVIRK,3.6064592476261423,1
KQIKIWFQNKKMKWKK,159.99999990927552,1
KRFKKFFKKLKNSVKKRAKKFFKKPRVIGVSIPF,7.8926953312132895,1
KRFKKFFKKLKNSVKKRVKKFFRKPRVIGVTFPF,6.344443403899057,1
KRFKKFFKKVKKSV,44.66430269275844,1
KRFKKFFKKVKKSVKKRLKKIFKKPMVIGVTIPF,11.214267262072843,1
KRFRIRVRV,285.4763770473144,1
KRFRIRVRVIRK,3.011605005575603,1
KRIKTLL,70.02461085261908,1
KRIRKRIKKWKR,2.6666666666914005,1
KRIRKRIKKWLR,2.49999999976683,1
KRIVKLIKKWLR,3.142857142457423,1
KRIVKLILKWLR,7.631189631579854,1
KRIVKRIKKWLR,3.000000000473922,1
KRIVQRIKDFLR,8.714285709570786,1
KRIVQRIKDWLR,3.49999999953366,1
KRIVQRIKKWLR,3.7142857143387156,1
KRKKLLKRLI,4.064707157407762,1
KRKKLLKRLL,2.7269554337547586,1
KRKLIFLAAFLAALALFKKR,20.243990050139146,1
KRKLTLVFGVMAGVIGTKKR,26.229825869125687,1
KRKR,100.0,1
KRLRRVWRRWR,18.333333343656903,1
KRRILIRILKLIIKLILKKR,2.373086165080757,1
KRRKAIKILKLIAKAIRKKR,2.09691574700366,1
KRRKAIKILKLIAKLIRKKR,2.0511488203483403,1
KRRKLAFRAFRFALKAVLKK,0.9531370823217301,1
KRRKLAFRLFRLFLKLVLKK,3.437208244919819,1
KRRKLIKILKLIAKLIRKKR,2.0371500365286854,1
KRRKLIKILKLIIKLIRKKR,1.1903036594053142,1
KRRLAAFRAFRGALKSVLKK,13.548153439310779,1
KRRLALFRAFRLALKSVLKK,1.48031599966984,1
KRRLALFRLFRLALKLVLKK,2.516928963447554,1
KRRLFLFRLFRLFLRLFLKK,2.67890676740801,1
KRRLIARILRLAARALVKKR,12.144549321829345,1
KRRLIARILRLAIRALVKKR,1.0569609340858868,1
KRRLIFRILKLFFRFLVKKR,2.3957045860324158,1
KRRLILRILRLAIRALVKKR,2.323963914715911,1
KRRLILRILRLAIRILVKKR,2.966450982209576,1
KRRWPWWPWRLI,11.235135140203326,1
KRRWRIWLV,8.761165824463228,1
KRWWKWIRW,11.313806244442775,1
KSDVRRWRSRY,100.0,1
KSLRRVWRSWR,43.33333331205208,1
KSLVRRWRSRW,33.333333336174526,1
KVFKRLEKLFSKI,6.6833333345952335,1
KVKVKVKVPPTKVKVKVK,100.0,1
KVMAHMK,100.0,1
KVVFKVKFK,11.136402123222942,1
KVVFKVKFKKK,3.024391609428569,1
KVYLPRYKVYSTAAGRYQLL,149.99999998076845,1
KWAKKWKWFAKAAWKWYKK,38.92410962286735,1
KWARLWRWFRITRWLWYIK,36.162292610556875,1
KWASLWNWFNITNWLWYIK,38.91120686190249,1
KWCFRVCYRGICYRKCR,4.909083109478853,1
KWCFRVCYRGICYRRCR,5.804760646362259,1
KWFKIQLQIKKWKNKK,31.99999997642847,1
KWFKKIPKFLHLAKKF,28.280769222414484,1
KWFKKIPKFLHLLKKF,2.854999999556339,1
KWFKRLEKLFSKI,4.946666668221574,1
KWFRVYRGIYRRR,3738.797508274649,1
KWICRRLWYRGRWITYCRWR,4.689999997866359,1
KWKIFKKIEKVGRNIRNGIIKAGPAVAVLGEAKAL,33.52877990775951,1
KWKKFIKKIGIGAVLKVLTTGLPALKLTKK,1.5050226666931272,1
KWKKFIKSLTKSAAKTVVKTAKKPLIV,4.863959806428582,1
KWKKKKKKPKFL,12.238333338528136,1
KWKKLLKKLLKLL,6.666666665758721,1
KWKKLLKKLLKLLKKLL,5.333333331369038,1
KWKKLLKKLLKLLKKLLK,3.7666666652367997,1
KWKKLLKKLLKLLKKLLKKLK,10.666666670991,1
KWKKLLKKLLKLLKKLLKKLKKLLK,12.000000006412302,1
KWKKLLKKLLKLPKKLLKKLKKLLK,3.666666664407366,1
KWKKLLKKPLKLKL,5.371428572060405,1
KWKKLLKKPLKLLKKLL,2.166666667194842,1
KWKKLLKKPLLKK,13.615714290119652,1
KWKKPLLKKLLKKL,4.9085714267219105,1
KWKLFKKAVLKVLTT,8.000000000148404,1
KWKLFKKGAVLKVLT,8.000000000148404,1
KWKLFKKGIGAVLKV,6.999999999770207,1
KWKLFKKI,64.00000000237446,1
KWKLFKKIEKVGQGIGAVLKVLTTGL,2.98171948570773,1
KWKLFKKIGIGAVLKVLTTG,5.0385714260735535,1
KWKLFKKIGIGKFL,5.9883333305845765,1
KWKLFKKIGIGKFLHSAKKF,6.742631576925076,1
KWKLFKKIGIGKFLKKK,4.456666665549815,1
KWKLFKKIGPGKFLHSAKKF,1.5616666678045708,1
KWKLFKKIKFLHSAKKF,2.342499999319266,1
KWKLFKKILKFLHLAKKF,11.970769230037167,1
KWKLFKKIPFLHLAKKF,12.058333331157025,1
KWKLFKKIPHLAKKF,31.6350000072174,1
KWKLFKKIPKFLH,71.2738461767662,1
KWKLFKKIPKFLHL,45.65846153522919,1
KWKLFKKIPKFLHLA,32.36769230175941,1
KWKLFKKIPKFLHLAK,25.28807691518353,1
KWKLFKKIPKFLHLAKK,15.94653846911068,1
KWKLFKKIPKFLHLAKKF,9.000796459925759,1
KWKLFKKIPKFLHSAKKF,9.84666666797559,1
KWKLFKKIPLAKKF,36.97888888813282,1
KWKLFKKIPLHLAKKF,26.232222212873236,1
KWKLFKKIPLKKF,38.36777777807055,1
KWKLFKKISKFLHLAKKF,6.93722222263765,1
KWKLFKKLKVLTTGL,8.999999990895756,1
KWKLFKKLPLIGRVL,47.00000000695676,1
KWKLFKKVLKVLTTG,8.999999990895756,1
KWKLKKHIGIGKHFLSAKKF,33.33333332526076,1
KWKLKPLLKKLLKKL,4.942857143513164,1
KWKLWKKIEKWGQGIGAVLKWLTTWL,0.4853792486737175,1
KWKSFIKKAKTSFLHSAKKF,10.369576693580694,1
KWKSFIKKKTSKFLHSAKKF,20.259375126745255,1
KWKSFIKKLASKFLHSAKKF,5.158995071707183,1
KWKSFIKKLTDKFLHSAKKF,10.076628325773516,1
KWKSFIKKLTKKFLHSAKKF,0.525531539344351,1
KWKSFIKKLTLKFLHSKKKF,19.71489734254293,1
KWKSFIKKLTSKFLHLAKKF,5.042236187974487,1
KWKSFIKKLTSKFLHSADKF,10.246348451254542,1
KWKSFIKKLTSKFLHSAKKF,1.2739614310144551,1
KWKSFIKKLTSKFLHSAKKN,2.582743564061477,1
KWKSFIKKLTSKFLHSANKF,2.5626214499057,1
KWKSFIKKLTSKFLHSKKKF,4.979935043339055,1
KWKSFIKKLTSKKLHSAKKF,20.54251127436693,1
KWKSFIKKRTSKFLHSAKKF,20.03199831502429,1
KWKSFIKKSTSKFLHSAKKF,20.60242989416953,1
KWKSFINKLTSKFLHSAKKF,5.125242891975553,1
KWKSFKKKLTSKFLHSAKKF,5.064843773848856,1
KWKVFKKIEKKWKVFKKIEKAGPKWKVFKKIEK,17.641240889670975,1
KWKVFKKIEKMGRNIRNGIVKAGPAIAVLGEAKAL,63.74842451567053,1
KWKVFKKIEKMGRNIRNGIVKAGPKWKVFKKIEK,7.174999998899452,1
KWKW,206.8265188919924,1
KWKWKWKW,10.643749999715455,1
KWKWKWKWKW,10.936874999485555,1
KWKWWKWK,42.187499989032716,1
KWKWWKWKK,89.04932647021711,1
KWLKKLLKKLL,2.338974537817004,1
KWLKKWL,79.89875222302126,1
KWLKKWLKWLKK,2.637415201837665,1
KWLLKWL,64.89210421699485,1
KWLNALLHHGLNCAKGVLA,9.197851186280207,1
KWLNALLKKGLNCAKGVLA,2.9404301190579503,1
KWNSFIKKLTSKFLHSAKKF,5.125242891975553,1
KWPWWKWRR,87.49297701865731,1
KWPWWPWRR,22.380421266944115,1
KWRRWIRWL,27.34375000172643,1
KWWKWKK,229.49798142251635,1
KWWWRW,21.90000000373235,1
KYKKALKKLAKLL,4.449813708329144,1
LAKRRVLTLLRQLRRVSPSS,8.000000005959901,1
LALKSGGWLRLFGLKDKKH,23.999999979907717,1
LAYCRRRFCVAV,9.650000000112358,1
LCAAHCLAIGRR,33.76001841220587,1
LCAAHCLAILRR,24.38400709657496,1
LCAAHCLAIRRR,23.02252206726122,1
LCAARCLAIGRR,26.485165247813004,1
LCAIAKKKGKCKGPLKLVCKC,81.25999999868404,1
LCYARRRFAVCV,4.3749999984466506,1
LCYCRRRFCVCV,0.9899999994490719,1
LCYTRRRFTVCV,1.7349999986756377,1
LDPKVVQSLL,200.0000001547424,1
LFFFFF,23.64360936209665,1
LFGLIPSLIGGLVSAFK,34.639764321672644,1
LFGMALKLLKKVL,13.69999999503455,1
LFGVLAKVAAHVVPAIAEHF,64.00000000237446,1
LFRLIKSLIKRLVSAFK,11.59961801457441,1
LGAWLAGKVAGTVATYAWNRYV,14.912500011066754,1
LHCIALRKK,33.29084124925722,1
LHLIALRKK,58.640643845554976,1
LHRIALRKK,56.41643015874625,1
LIAGLAANFLPKLFCKITK,6.427124894233835,1
LIAGLAANFLPQILCKIARKC,25.28449011951173,1
LIGPVLGLVGSALGGLLKKI,4.049999998388366,1
LIGSLVRGILPLF,149.8515972093225,1
LIKHILHRL,401.18813561029776,1
LIKHILHRLGGGFHFHLHF,44.178925545493094,1
LILGKLWKGVKSIF,23.841505358311846,1
LKAKSIVSWAKKVL,49.9999999613144,1
LKALRKALKHLA,30.394537331524905,1
LKHGLLKRIKTLL,8.000000000148404,1
LKKAKKFGKAFV,328.2724420851939,1
LKKLLKKL,499.99999961314404,1
LKKLLKKLLK,273.4499998023649,1
LKKLLKKLLKKL,25.003999994970428,1
LKKLLKKLLKW,3.118632719129655,1
LKKLLKWLKKL,3.118632718043391,1
LKKLLKWLLKLLK,69.98441524949494,1
LKKWLK,245.3815209363574,1
LKKWLKK,198.7851104251506,1
LKKWLKKWLKK,32.68973035188514,1
LKLASIVSWAKKVL,23.43749999375248,1
LKLFKKILKFL,14.339999995309535,1
LKLFKKILKVL,12.900000006526977,1
LKLFKKILKYL,12.879999990781377,1
LKLKAIAALAKKKW,15.676074649804846,1
LKLKSIVSAAKKVL,43.74999997570556,1
LKLKSIVSWAKAVL,17.187500008143637,1
LKLKSIVSWAKKVL,11.611141076064113,1
LKLLKKLLKKLLKLL,7.689264385168141,1
LKLLKKLLKLLKKF,4.634118659739622,1
LKLLKWLLKLL,42.1159094293312,1
LKLSPETKDTLKKVLKGAIKGAIAIASLA,16.666666654018808,1
LKLSPKTKDTLKKVLKGAIKGAIAIASMA,13.227272730151846,1
LKQFVHFIHRF,21.74284235271036,1
LKQFVKFIHRF,16.407096143036302,1
LKRFLKWFKRF,17.84632920908805,1
LKRIKTLL,31.49510619211737,1
LKWGAILKHIIK,12.433333341772057,1
LKWLKKLLKKL,2.8351206527590684,1
LKWLKKWLK,45.871666679212936,1
LKWLLKWLL,3.414242357024942,1
LKWRKMFRW,9.21758952666393,1
LLAAHLLAIGRR,31.19568721441276,1
LLAGLAANFLPKIFCKITRKC,10.771666695277974,1
LLCIALRKK,10.878287504298573,1
LLGMIKVAITAISALSKL,99.87333450855822,1
LLGMIPLAISAISALSKL,48.84731216182809,1
LLGMIPLAISAISSLSKL,26.26861112021424,1
LLGMIPVAIKAISALSKL,76.15545916093333,1
LLGMIPVAISAISALSKL,83.093173108438,1
LLGMIPVAITAISALSKL,241.45034336484593,1
LLGSLLKLLPKLL,29.10000000004788,1
LLIAAFKKLVKK,42.118360751569114,1
LLIILKKKWKKQAKAKSK,5.9999999985638794,1
LLIILRRGHYY,250.00000018879035,1
LLIILRRRIRKQAHAHSK,8.075236588233386,1
LLIILRRRWRKQAKAKSK,5.9999999985638794,1
LLIILRRRWRKQARARSK,5.9999999985638794,1
LLIILRRRWRRQARARSR,5.9999999985638794,1
LLIKFLKRFIKH,21.065507359283227,1
LLIRAAKKFIKK,39.843444551076914,1
LLKALKKLLKKLL,23.473685639274198,1
LLKELWTKIKGAGKAVLGKIKGLL,30.000000004363546,1
LLKKLLKK,402.541731386689,1
LLKKLLKKC,176.34966874114144,1
LLKKLLKKLLKKC,39.03418029909573,1
LLKKLLKKLLKKLLKK,15.395238109252556,1
LLKKLLKKLLKL,154.8378796373788,1
LLKKLLKKM,266.3676710700379,1
LLKKLLKLLLKL,40.507014109721815,1
LLKKLLKWLKK,3.827412882324681,1
LLKLLKWLLKLLK,74.49531001562063,1
LLKLLLPKLKGLLFKL,12.200000009136822,1
LLKRIKTLL,54.672817332720975,1
LLKWLKK,170.5783146580185,1
LLKWLKKL,109.36421780101558,1
LLKWLKKLLKK,3.118632719129655,1
LLKWLKKWLKK,21.05898739221333,1
LLKWLLK,116.34907660667074,1
LLKWLLKWLKK,6.821373885329818,1
LLKWLLKWLLK,28.37888993595417,1
LLPALISWIKRKRQQ,13.349489637758785,1
LLPIVGNLLKSLL,8.188888888924932,1
LLPIVGNLLKSLLGAKRKRAG,150.0000000773712,1
LLPIVGNLLKSLLGWKRKAFG,125.00000004835701,1
LLPIVGNLLKSLLGWKRKRFG,9.375000000034783,1
LLPKLKGLLFKL,81.90000004518068,1
LLPWKWPWWKWRR,66.27997342774236,1
LLQWLSKLLGRLL,7.166666667535499,1
LLQWLSKLLGRWL,16.33333332167565,1
LLRHVVKILEKYL,24.7914319126606,1
LLRRLLRR,85.58607289252126,1
LLRRLLRRLLRR,157.76508678370826,1
LLRRLLRRLLRRLLRR,13.807312599162003,1
LNWGAALKHAAK,100.0,1
LNWGAFLKHFFK,19.566666667277566,1
LNWGAGLKHGGK,100.0,1
LNWGAIKKHIIK,80.0000000018937,1
LNWGAILKHIIK,11.436363631888542,1
LNWGAILKHIKK,49.783333338080354,1
LNWGAILKHKIK,78.61666667031413,1
LNWGAILKKIIK,10.933333327027563,1
LNWGALLKHLLK,10.166666664090924,1
LNWGAVLKHVVK,58.81666664748111,1
LNWGAWLKHWWK,24.36666666626574,1
LNWGKILKHIIK,7.450000000633012,1
LNWKAILKHIIK,4.74999999743467,1
LPFFLLSLIPSAISAIKKI,11.018181814664942,1
LPKVMAHMK,100.0,1
LPLLAGLAANFLPKIFCKITRK,11.399583840795373,1
LPRRNRWSKIWKKVVTVFS,9.117970170868,1
LPWKWPWWPWRR,0.20000000015474234,1
LQLLKQLLKLLKQFSATFIKHFIHRF,7.057025843133345,1
LQLLKQLLKLLKQFSGGFIKHFIHRF,7.186983331364804,1
LRAAHRLAIGRR,20.62861828279726,1
LRALAKALKHKL,32.23044898560296,1
LRCIALRKK,36.34959550310036,1
LRFAKKALKKLF,1.87987091642432,1
LRFARRALRRLF,0.5820401463719046,1
LRFIKKILKKLI,0.712452376620492,1
LRFLKKALKKLF,0.3360909461384347,1
LRFLKKILKHLF,18.466280131004382,1
LRFLKKILKKLF,1.322402795191637,1
LRFLRRILRRLL,0.5727833934929121,1
LRIIKKILKKLI,0.8632299898412257,1
LRIIRRILRRLI,4.648886195087419,1
LRILRRLLRRLF,3.8377975511590483,1
LRIVKLILKWLR,8.33333333683449,1
LRKAKKIAKKLF,5.213845790824263,1
LRKLKKILKKLF,1.2527990620826877,1
LRKLLLLLRL,25.58644530192277,1
LRLR,100.0,1
LRPAILVRIK,68.00000000250913,1
LRPAILVRTK,438.9349725114254,1
LRPAILVRVKGKGL,41.999999961519606,1
LRPHPPRPQPIYVPRNNG,59.28643797302045,1
LRRIIRKIIHIIK,5.375616911636845,1
LRRLRKWLRRLLKLL,5.936153844433444,1
LRRLWLRANRL,128.00000010378406,1
LRRLWLRANRLLRRLWLRANRL,3.9999999969793545,1
LRWTPTPSYPRYPTRSRGSRWSR,21.701523154017664,1
LSPAAMASLA,200.0000001547424,1
LSPAVMASLA,200.0000001547424,1
LTYCRRRFCVTV,0.9099999998696945,1
LVKKLLKLAMGFG,46.6799999871579,1
LVKLVAGIKKFLKWK,69.49254950249757,1
LVKRFKKFFRKLKKS,38.59807294427043,1
LVKRFKKFFRKLKKSV,20.656764279463584,1
LVKRFKKFFRKLKKSVK,38.4268171021261,1
LVKRFKKFFRKLKKSVKK,26.245798389090044,1
LVRGCWTKSYPPKPCFVR,28.766666652016514,1
LWGTRSGIQP,100.0,1
LYHFLHWFQRF,78.42750967749856,1
LYRRRFVVGR,100.00000004824108,1
MDSFQKIEKIGEGTYGVVYKAKDKVSGRLVALKKIRLENESEGVPSTA,9.39775303585694,1
MLLKKLLKKLLKKM,63.209234361204416,1
MLLKKLLKKM,189.7085148509778,1
MPKWKVFKKIEKVGRNIRNGIVKAGPAIAVLGEAKALG,5.793049596397602,1
MPLSWFFPRTWGKR,95.15160870008866,1
MWSKILGHLIR,49.99999999518098,1
NAPAEDLARYYSALRHYINLITRQRY,1.4999999998076836,1
NDAACAAHCLFRGRSGG,58.620907987107174,1
NFLDTLINLAKKFI,56.24999998537696,1
NFLGTLVNLAKKIL,44.000000000360494,1
NGKRVCVCR,96.68742117891698,1
NGVQPKYKWWKWWKKWW,13.782221668113895,1
NGVQPKYKWWKWWKKWWW,14.116487583117118,1
NGVQPKYRWWRWWRRWWWW,31.171727067441424,1
NGVQPWYKWWKWWKKWW,36.50401750293182,1
NILNTIINLAKKIL,15.714285716096967,1
NIWKKIASIAKEVLKAL,8.12499999752418,1
NIWKKIFEKVKNLV,22.50000001717664,1
NKWKKILGKIIKVVK,15.666666662185072,1
NLLGSLLKTGLKVGSNLL,64.07692306973927,1
NLLKSALKTVNKLLAAS,70.40000001746718,1
NLVSDIIGSKKHMEKLISIIKKCR,73.23333333279307,1
NLWAGILKHIIK,27.833333328428605,1
NNRPVYIPQPRPPHPRI,8.569938120328743,1
NRFTARFRRTPWRLCLQFRQ,17.842513568073457,1
NRNR,100.0,1
NVWKKILGKIIKVAK,11.199999997712583,1
NWKKIASIGKEVLKAL,33.50000002329673,1
PAEDLARYYSALRHYINLITRQRY,1.4999999998076836,1
PEEMNKYLTALRHYINLVTRQRY,10.31167272030771,1
PFKIDIHLGGY,23.819885470485378,1
PFKLSLHL,9.398567193877046,1
PFWRRRIRIRR,38.46288416636041,1
PKVMAHMK,100.0,1
PLLKKLLKKP,212.30245145966546,1
PPIVGSIPLGCG,128.00000010378406,1
PRCRRRFCRP,100.00000008100709,1
PRLKVYLPRYKVYSTAAGRYQLLSRYW,118.19999998333269,1
PRPRCRRRFCRPRP,99.00000007944112,1
PWKWPWWPWRR,0.8000000000148405,1
PWWPWRR,116.94383271466828,1
QHSSGKSDVRRW,100.0,1
QLKVDLWGTR,100.0,1
QLKVDLWGTRSGI,100.0,1
QLKVDLWGTRSGIQPEQHSSGKSDVRRWRSRY,93.33333333382802,1
QLQGKQVSGEVVQKVLQELIQSVAKP,6.223822409455934,1
QQRFEWEFEQQ,329.3415044115299,1
QRQR,100.0,1
QVYKGGYTRPIPRPPPFVRPLPGGPIGPYNGCPVSCRGISFSQARSCCSRLGRCCHVGKGYS,27.99999999720196,1
RAGLQFPVGRVHRLLRK,110.6666667294504,1
RAPAEDLARYYSALRHYINLITRQRY,1.4999999998076836,1
RAVAVIIRLRRV,9.37791792495828,1
RAWVAWRNR,308.7991450601328,1
RERSKGSKYLYVG,75.83921437574136,1
RFGRFLRKIRRFRPKVTITIQGSARF,2.7896058933185963,1
RFRLPFRRPPIRIHPPPFYPPFRRFL,8.663636364811824,1
RFRPPIRRPPIRPPFNPPFRPPVRPPFRPPFRPPFRPPIGPFP,5.3490303104417904,1
RFRPPIRRPPIRPPFRPPFRPPVR,4.726264390468813,1
RFRPPIRRPPIRPPFRPPFRPPVRPPIRPPFRPPFRPPIGPFP,5.802463817492227,1
RFRPPIRRPPIRPPFYPPFRPPIRPPIFPPIRPPFRPPLGPFP,21.347252486429475,1
RFRRLFRIRVRVLKKI,3.750000001210037,1
RFRRLRCKTRCRLKKI,108.00000008651146,1
RFRRLRDKTRDRLKKI,128.00000010378406,1
RFRRLRIKTRIRLKKI,22.666666675537943,1
RFRRLRKKFRKRLKKI,181.3333332519171,1
RFRRLRKKIRKRLKKI,216.8888887548276,1
RFRRLRKKKRKRLKKI,199.1111110551132,1
RFRRLRKKTRKRLKKI,177.45454541602103,1
RFRRLRKKWRKRLKKI,44.666666689086874,1
RFRRLRKWTRWRLKKI,10.666666670991,1
RFRRLRPKTRPRLKKI,96.00000006133219,1
RFRRLRWKTRWRLKKI,5.333333331369038,1
RFRRLRWRTRWRLRRI,3.9999999990302193,1
RFRRLRWWTRKRLKKI,7.333333332953562,1
RGARIVVIRVAR,17.15532528793431,1
RGGLCYCRGRFCVCVGR,1.3766655633720981,1
RGGRLAYARRRFAVAVGR,116.8499999751136,1
RGGRLCYCRRRFCICV,12.745924980595072,1
RGGRLCYCRRRFCVC,2.3450000008782657,1
RGGRLCYCRRRFCVCV,0.7399999995418484,1
RGGRLYRRRFVVGR,6.249999999531019,1
RGKRWWRRKK,45.66666667252104,1
RGLRRLGRKIAHGVKKYGATVLRIIRIA,3.5000000015938,1
RGLRRLGRKIAHGVKKYGPTVLRIIRIA,2.6240750364484384,1
RICRIVVIRCIR,11.111582986674506,1
RIGSILGALAKGLPTLKSWIKNR,29.168333338256897,1
RIGSILGRLAKGLPTLISWIKNR,6.7716666638717244,1
RIGSILGRLAKGLPTLKSWIKNR,26.041666665686805,1
RIGSILGRLAKGLPTLRSWIKNR,25.521666667056873,1
RIIDLLWRVRRPQWPKFVTVWVR,19.60000000087351,1
RIIDLLWRVRRPWKPKFVTVWVR,16.000000006967852,1
RIIDLLWRVRRPWWPKFVTVWVR,20.000000001766974,1
RIIDLLWRVWRPWKPKFVTVWVR,17.400000011298165,1
RIIDLLWRVWRPWWPKFVTVWVR,5.860837392772422,1
RIIRKIIHII,15.838846358221556,1
RIIRKIIHIIK,13.330327948433228,1
RILRGVSRRIMRRILTGRR,9.510124202655245,1
RIVQRIKKWLLKWKKLGY,27.39628899485376,1
RIWFQNRRMRWRR,31.99999997642847,1
RIWVIRWR,18.855561347158638,1
RIWVIWRR,13.61414377274009,1
RKDVY,1471.0968447631683,1
RKDVYRRRRRR,77.30942906672242,1
RKGWFKAMKSIAKFIAKEKLKEHL,28.374999984312637,1
RKKKAKIIKKII,13.895167794980924,1
RKKKFKFFKRFF,1.3131299171376938,1
RKKKFKFFKRLF,2.126789316284683,1
RKKKFKIFKRLF,1.3828855383462073,1
RKKKIKIIKKII,11.34262185373253,1
RKKKIKIIKRLI,11.740104794554757,1
RKKKKKIIKKLI,3.8822316831094104,1
RKKKLKFFKRLF,2.6691724550075815,1
RKKKLKIIKRLI,11.168503794875548,1
RKKKLKVVKRLV,13.32430401205763,1
RKKKVKLLKRLV,12.502407007346081,1
RKKRKKLIKRLI,3.22771674514544,1
RKKRKKLLKRLI,3.7709435819008004,1
RKKRKKLLKRLL,2.2520180562960848,1
RKKRLKLLKRLL,2.9740326247381996,1
RKKRLKLLKRLV,19.134182729217912,1
RKKRLKVVKRLV,13.384151748365229,1
RKKRLRVVRRLV,13.0903464175441,1
RKKRVKLLKRLV,11.995778160333007,1
RKKRWWRRKK,20.666666650237975,1
RKKTRKR,255.99999981617657,1
RKKTRKRLKKIGKVLKWI,4.50000000084173,1
RKRAARLLKRLV,20.497402569187418,1
RKRFARFAKRAV,31.359909555102856,1
RKWVWWRNR,35.81882306708036,1
RKWWRWIKW,7.1875000033675995,1
RLARIVKIRVAR,41.552827193570906,1
RLARIVPIRVAR,176.0856152011372,1
RLARIVVIRVRR,5.498561961624217,1
RLARRVVIRVAR,42.81400312408305,1
RLGTALPALLKTLLAGLNG,16.999999985192865,1
RLKKIGKVLKWI,47.66666669541613,1
RLKLLLLLRL,6.396611330311167,1
RLKLLLLLRW,3.021799639143521,1
RLKLLLLRL,14.065877182119769,1
RLKLLLRL,124.95765601156243,1
RLKLLRL,140.4757343216096,1
RLLKFIKKLL,78.63615347499976,1
RLLLRIGRR,205.87379562442206,1
RLLRLLRLRRLLRL,4.4999999981095415,1
RLLRLLRRLLRLLR,3.500000001826566,1
RLPWRWPRRPWRR,115.84558089870926,1
RLRRIVVIRVAR,5.119350791383459,1
RLRRIVVIRVRR,5.653283025149454,1
RLSRIVVIRVSR,5.822266404906302,1
RLWLAIGRG,18.545454540106096,1
RLWLAIGRR,10.363636364019884,1
RLWLAIKRR,24.539473683674352,1
RLWLAWKRR,3.9166666661133713,1
RLWRIVVIRVAR,2.834998819683492,1
RLWRRWRRWLR,12.181818184252093,1
RLWRRWRRWRR,7.200000001983052,1
RLYLRIGRR,184.27618412889174,1
RLYR,499.99999961314404,1
RLYRRLYR,13.539999999491172,1
RLYRRLYRRLYRRLYR,1.200000000066366,1
RLYRRRFVVGR,19.125000011817946,1
RPAWLKAAFRVMRACV,4.2659529477993265,1
RPAWRKAAFRVMRACV,2.085134149294322,1
RPKPQQFFGLM,108.2518311222722,1
RPKPRPRPRPE,150.0000000773712,1
RPRPNYRPRPIYRP,2.85062985823643,1
RPRRRATTRRRITTGTRRRR,46.87499999499039,1
RPVYIPQPRPPHPRL,68.56259615632192,1
RQIKIWFQNRRLKWKK,47.999999989401466,1
RQIRIWFQNRRMRWRR,12.000000006412302,1
RRCPIVVIRVCR,13.120717964285612,1
RRFPFFPFKFPLI,0.3999999996979355,1
RRGHYY,2500.000001887901,1
RRIIRKIIHII,12.68106590286355,1
RRIIRKIIHIIK,11.05408102965675,1
RRIIRKIIHIIKK,8.600837489168864,1
RRIPRPILLPWRPPRPIPRPQPQPIPRWL,9.126061893329208,1
RRLDRGGVWNLNVNPGTTGARVWARTK,29.99999999263389,1
RRLFRRILRRL,122.60000003112609,1
RRLFRRILRWL,1.8307692306477064,1
RRLFRRILRYL,9.840000002723633,1
RRLLRRLRR,100.0,1
RRLRKKTRKRLKKIGKVLKWI,3.1666666663230956,1
RRLRRLLRRLLRRLRR,29.49999997610508,1
RRLTLRQLLGLGSRRRRRSR,8.597500007171348,1
RRPRPRPRPFFF,93.33333336601318,1
RRPRPRPRPFFFF,46.666666662250606,1
RRPRPRPRPFFFFF,13.333333338491414,1
RRPRPRPRPWWW,33.33333331835377,1
RRPRPRPRPWWWW,16.561053720313183,1
RRPWRWPRWPWRR,68.00364939756452,1
RRPWRWPWWPWRR,63.55798243362921,1
RRRIKIRWY,58.21946313848306,1
RRRR,100.0,1
RRRRRR,130.87230574436856,1
RRRRRRAAFAAWAAFAA,2.999999998888901,1
RRRRRRRKDVY,77.30942906672242,1
RRRWIVVIWRRR,1.1414700949031544,1
RRRWWW,49.999999999768114,1
RRRWWWF,22.923419812878816,1
RRRWWWFASASARRRWWWF,11.618936066618806,1
RRRWWWFGGGRRRWWWF,6.304448770071115,1
RRRWWWFPSGSPRRRWWWF,11.460608735631487,1
RRRWWWFRRRWWWF,6.760363900382647,1
RRRWWWRRWWRR,1.9585140705664417,1
RRRYIGRYVRFWK,4036.83333039446,1
RRWCFRVCYKGFCRYKCR,3.5480011886202667,1
RRWCFRVCYKGFCYRKCR,3.218911222318155,1
RRWCFRVCYKGRCRYKCR,0.8590941972958345,1
RRWCFRVCYRGFCYRKCR,0.4575105669971246,1
RRWCFRVCYRGRFCYRKCR,0.27943733398260034,1
RRWHRHWRR,56.66666669170834,1
RRWHRWWRR,15.066666660944051,1
RRWKIVVIRWKK,1.198978733476949,1
RRWPLKPKKWPLI,14.550603454548003,1
RRWPLKPWKKPLI,12.125502884999447,1
RRWPLLPWKWPLI,7.097575828654744,1
RRWPWWPWKWPLI,2.147429800185667,1
RRWRIVVIRVRR,6.675044337462521,1
RRWRRWRRWRR,7.80000000184315,1
RRWRRWWRRWRR,0.9938675888577342,1
RRWVIWRR,48.41563609462696,1
RRWWHWWRR,8.099999991463966,1
RRWWRHWRR,26.443333312138417,1
RRWWRRF,10.323897665574005,1
RRWWRRWRR,62.50000000943952,1
RRWWRWWR,3.603349874918426,1
RRWWRWWRR,3.2000000006188505,1
RRWYRWAWRMR,4.352820855710996,1
RSNKGFNFMVDMIQALSK,46.00000003372731,1
RSTEDIIKSISGGGFLNAMNA,29.338612360375958,1
RTHGLLKRIKTLL,5.9999999985638794,1
RTKKWIVWI,34.48512846635452,1
RVCFAIPLPICH,34.09531489621938,1
RVCSWIPLPICH,374.99999990096717,1
RVCYAIPLPIC,54.10508940822005,1
RVCYAIPLPICY,29.535215656845548,1
RVKRFWPLVPVAINTVAAGINLYKAIRRK,1.6431968041265168,1
RVKRVWPLVIRTVIAGYNLYRAIKKK,1.0760285542173913,1
RVRWYRIFY,1.4721132782771298,1
RWCFRVCYRGICYRKCR,1.9063296181110347,1
RWFKIQLQIRRWKNKK,23.999999994552333,1
RWFKIQMQIRRWKNKK,47.999999989401466,1
RWFRIQLQIRRWRNRR,16.0000000126762,1
RWGKWFKKATHVGKHVGKAALTAYL,8.296498568293874,1
RWKIFKKIEKMGRNIRDGIVKAGPAIEVLGSAKAIGK,1.3787095869555177,1
RWKIFKKIEKVGQNIRDGIVKAGPAVAVVGQAATI,9.583333332880072,1
RWKIFKKIEKVGRNVRDGIIKAGPAVAVVGQAATVVK,15.416666666704755,1
RWKIFKKIERVGQNVRDGIIKAGPAIQVLGTAKALGK,220.54625466749633,1
RWKIFKKIPKFLHSAKKF,3.809523810162773,1
RWKLLLLLRL,1.5108998218817349,1
RWKRWWRRKK,19.666666652650225,1
RWR,123.8877683899111,1
RWRRLLKKLHHLLH,7.60622699010057,1
RWRRLLKKLHHLLHGGGFKKFWKWFRRF,3.747834957132491,1
RWRRLLKKLHHLLHGGGIKQLLHFFQRF,4.52458413120218,1
RWRRLLKKLHHLLHSATFIKHFIHRF,5.8961132566888095,1
RWRRWWRHFHHFFH,3.6505236888967665,1
RWRSFFKKAAHRGKHVGKRARTHYL,3.333333333302416,1
RWRW,469.9999999630942,1
RWRWR,116.41549240641397,1
RWRWRWF,27.256505275437128,1
RWRWRWFASASARWRWRWF,5.809468042191343,1
RWRWRWFGGGFIKHFIHRF,12.773472972384582,1
RWRWRWFGGGFKKFWKWFRRF,5.957240714428516,1
RWRWRWFGGGIKQLLHFFQWRF,2.6591416474866616,1
RWRWRWFGGGLKRFLKWFKRF,8.23478864403011,1
RWRWRWFGGGRWRWRWF,6.304448770071115,1
RWRWRWFPSGSPRWRWRWF,11.460608735631487,1
RWRWRWFRWRWRWF,6.760363900382647,1
RWRWRWFSATFIKHFIHRF,15.153731773646575,1
RWRWRWFSGGFIKHFIHRF,12.627086699244934,1
RWRWRWRW,25.93124999586634,1
RWRWRWRWRW,5.449999997985925,1
RWRWWRWRR,40.16107443175272,1
RWRYRW,45.65471172071241,1
RWWKWRR,213.06072475526884,1
RWWLRRIW,18.75000000932358,1
RWWRWRR,208.09267402864268,1
RWWRWWRRWW,37.01261897578552,1
RWWRWWRRWWW,46.7571261378638,1
RWWRYWR,8.965205869715499,1
SAPRGCWTKSYPPKPCK,18.349999996362445,1
SCIPKHEECTNDKHNCCRKGLFKLKCQCSTFDDESGQPTERCACGRPMGHQAIETGLNIFRGLFKGKKKNKKTK,132.8150000940499,1
SFFKKAAHVGKHVGKAALTHYL,16.666666676982825,1
SGIQPEQHSS,100.0,1
SGKLCCRRKK,100.0,1
SGKLWWRRKK,58.33333332673115,1
SGKLYYRRKK,100.0,1
SGKRWWRRKK,58.33333332673115,1
SGTSEKERESGRLLGVVKRLIVCFRSPFP,36.66363635446191,1
SIGAKILGGVKTFFKGALKELAFTYLQ,29.080358614279213,1
SILGKLWKGVKSIF,13.219669555837786,1
SILPTIVSFLSKFL,24.000000015937236,1
SILPTIVSFLTKFL,25.000000018879035,1
SKWMSLLKHILK,15.649999988375075,1
SLKDKVKSMGEKLKQYIQTWKAKF,13.299999988963476,1
SLLSLIRKLIT,16.18749999867054,1
SLLSLIRKLLT,10.799999992649102,1
SLLSLIRLLIT,17.819999992377276,1
SLSRFLRFLKIVYRRAF,18.75000000932358,1
SLSRFLSFLKIVYPPAF,30.221074733570873,1
SNWKKIASIGKEVLKAL,27.50000001912203,1
SNWLKLGKKMMSAL,69.99999998489677,1
SPRRRTPSPRRRRSQSPRRR,81.25000000471977,1
SRSELIVHQR,130.67945160618032,1
SRSELIVHQRLF,34.574853471083635,1
SRSELIVHQRMK,122.21382527502453,1
SRSELIVHQRRC,136.5955771014293,1
SRSR,100.0,1
SVIGCWTFSIPPRPCFVK,490.8097833869564,1
SVIGCWTKSIPPRPCFVK,277.7151128646654,1
SWASMAKKLKEYMEKLKQRA,18.750331553566753,1
SWKSMAKKLKEYMEKLKQRA,25.46045176934892,1
SYVGDCGSNGGSCVSSYCPYGNRLNYFCPLGRTCCRRSY,1.7000000005528377,1
TAEDLARYYSALRHYINLITRQRY,1.4999999998076836,1
TFFRLFNRGGGKNLRIIRKGIHIIKKY,9.150000001573128,1
TFFRLFNRSFTQALGKGGGKNLRIIRKGIHIIKKY,11.545454547719702,1
TKPKGTKPKGTKPKGTKPKG,300.0000001936504,1
TKPTLLGLPLGAGPAAGPGKR,10.600000000787336,1
TPFKISIHL,13.91824024524705,1
TPFKISIHLGGY,150.08866096253783,1
TPFKLSLHL,14.94162894183966,1
TRKRLKKIGKVLKWI,26.83333333645923,1
TRTR,100.0,1
VCRTGRSRWRDVCRNFMRRYQSR,200.0000000968252,1
VDKGSYLPRPTPPRPIYNRN,21.1213743991193,1
VDKPPYLPRPPPPRRIYNNR,52.33414375265079,1
VDKPPYLPRPRPPRAIYNR,10.40906723119931,1
VDKPPYLPRPRPPRRIYNA,10.40906723119931,1
VDKPPYLPRPRPPRRIYNH,6.746092068416587,1
VDKPPYLPRPRPPRRIYNN,17.030648527029467,1
VDKPPYLPRPRPPRRIYNNR,3.1937498346936692,1
VDKPPYLPRPRPPRRIYNRN,28.743748468771432,1
VFHLLGKIIHHVGNFVYGFSHVF,3.9999999969793545,1
VFQFLGKIIHHVGNFVAGFSAVF,128.00000010378406,1
VFQFLGKIIHHVGNFVAGFSHVF,128.00000010378406,1
VFQFLGKIIHHVGNFVHGFSAVF,31.99999997642847,1
VFQFLGKIIHHVGNFVHGFSHVF,0.12748054651757587,1
VGVGGGFGR,232.95013132306408,1
VIGSILGALASGLPTLISWIKNR,18.666666677485946,1
VIHGLLKRIKTLL,9.124999994784117,1
VIHKLAKLAKKLAKLAK,8.101249994158577,1
VIHRAGLQFPVGRVHRLLRK,11.249999993389057,1
VIPIVSGLLSSLL,4.990761568717816,1
VIRRRRILAAVV,122.38182894193437,1
VKKFPWWWPFLKK,8.378948329820059,1
VKKLAKLVRRF,11.78435369709037,1
VKNLAELVHRF,188.59980570823015,1
VKQLLKIFNRF,22.76399261267812,1
VKRFKKFFRKFKKSV,31.275098736981686,1
VKRFKKFFRKLKKS,50.643702093356595,1
VKRFKKFFRKLKKSVK,22.92500751923767,1
VKRFKKFFRKLKKSVKK,24.683673245419293,1
VKRFKKFFRKLKKSVKKL,20.44227201151981,1
VKRWKKFWRKWKKWW,3.3457415284855196,1
VKRWKKWRWKWKKWV,1.2302959715593196,1
VKRWKKWWRKLKKSV,27.732163317017843,1
VKTLLHIFQRF,22.294402984886354,1
VKWRWKKWRWKWKWKV,41.408863681158834,1
VKWRWKWKWRWKWKWKV,38.44450752911223,1
VLPKVMAHMK,100.0,1
VLPLISMALGKLL,59.99999994699768,1
VNWKKIILGKIIKVVK,19.999999985205438,1
VNWKKILAKIIKVAK,7.049999999586782,1
VNWKKILAKIIKVVK,7.042857144543149,1
VNWKKILG,125.0000000386856,1
VNWKKILGKI,50.74999998291389,1
VNWKKILGKIIKVAK,7.099999997750361,1
VNWKKILGKIKKVVK,21.666666655094023,1
VNWKKILKKIIKVAK,10.774999991722957,1
VNWKKILKKIIKVVK,15.419999989708618,1
VNWKKILPKIIKVAK,45.800000000837244,1
VNWKKILPKIIKVVK,30.083333327659577,1
VNWKKLLGKLLKVVK,8.333333329918654,1
VNWKKVLAKIIKVAK,8.849999998037005,1
VNWKKVLAKIIKVVK,7.333333327975353,1
VNWKKVLGKVVKVVK,43.66666666217787,1
VNWKKVLKKIIKVAK,8.999999997321341,1
VNWKKVLPKIIKVAK,51.47499999880525,1
VQLRIRVAVIRA,41.92367610628641,1
VQLRIRVRVIRK,3.7545226279517188,1
VQRWLIVWRIRK,10.747949398407243,1
VRFRIRVAVIRA,3.8008991026761976,1
VRLIVAVRIWRR,8.675406227358357,1
VRLRIRVAVIRA,9.377917931930561,1
VRLRIRVAVIRK,2.885077685483435,1
VRLRIRVAVRRA,4.9608328559637656,1
VRLWIRVAVIRA,23.993139406477642,1
VRRFAWWWAFLRR,4.053660081824246,1
VRRFAWWWPFLRR,6.395848327910426,1
VRRFPFFFPFLRR,3.3610694390278115,1
VRRFPWWWAFLRR,6.66234200787578,1
VRRFPWWWPFLRR,2.8927876312827587,1
VRRFPYYYPFLRR,19.092877754546635,1
VRRVRKWVRRVLKLV,6.130769229313723,1
VRRYPWWWPYLRR,6.462442459134345,1
VRVKVRVK,270.1434712832203,1
VRVKVRVKVRVK,23.590001132729846,1
VRWRIRVAVIRA,4.370613777462933,1
VTCDILSVEAKGVKL,63.496885233593396,1
VWLSALKFIGKHLAKHQLSKL,17.76249999077368,1
VYWKKILGKIIKVVK,13.666666670065412,1
WALRLYLVY,100.0,1
WCPPMIPLCSRF,200.0000001547424,1
WCRRLCYKQRCVTYCRGR,0.5333333332705913,1
WFKKIPKFLHLAKKF,38.46807692232617,1
WFKKIPKFLHLLKKF,3.985555555219801,1
WFKKLLKKALRLWKKVL,7.276612651256737,1
WFWKWWRRRRR,3.133333334358328,1
WGEAFSAGVHRLANGGNG,70.82499993438002,1
WGRAFRRGVRRLARGGRR,26.73181819352335,1
WGRAFRRLVRRLARGLRR,23.716818182194604,1
WGRAFSAGVHRLANGGNG,69.81318182082482,1
WGRAFSRGVRRLARGGRG,44.06727269076308,1
WKKIASIGKEVLKAL,93.49999996327517,1
WKKIPKFLHLAKKF,86.47807697114816,1
WKKIPKFLHLLKKF,7.593333332696466,1
WKKIWSKIKKLLK,5.939000001455279,1
WKKWWKKW,148.45000009018804,1
WKKWWKKWWK,44.266666657109255,1
WKLFKKILKFL,11.171428577643747,1
WKLFKKILKKL,24.049999998884022,1
WKLFKKILKWL,11.171428577643747,1
WKLFKKIPKFLHLAKKF,18.67961537134566,1
WKRLVAASAKKK,12.268170371877073,1
WKSDVRRWRSRY,88.00000000079149,1
WKSYVRRW,88.00000000079149,1
WKSYVRRWR,76.00000000158298,1
WKSYVRRWRS,88.00000000079149,1
WKSYVRRWRSRY,49.33333332970155,1
WKWK,100.0,1
WKWLKKWIK,34.37499999982609,1
WKWPWWPWRR,0.3999999996979355,1
WLKKW,105.27184270446165,1
WLLKKLLKKW,46.09978490091694,1
WLLKRWKKLL,29.999999997906883,1
WLLKW,107.39370785329507,1
WLNAKRHHGYKRKFH,6.0659128129048705,1
WLNALLHHGLNC,46.02291865035986,1
WLNALLHHGLNCA,43.78495180428818,1
WLNALLHHGLNCAKG,38.86058338031552,1
WLNALLHHGLNCAKGV,36.65428818004017,1
WLNALLHHGLNCAKGVL,12.908766860685173,1
WLNALLHHGYKRKFH,14.581624557748375,1
WLNALLKKGLNCAKGVLA,4.183344486823017,1
WLPLIGRVLSGIL,25.05598272782841,1
WLRAFRRLVRRLARGLRR,5.6395454522928565,1
WLRAFRRLVRRLARLLRR,20.693809521122773,1
WLRRIGKGVKIIGGAALDHL,45.4782168401045,1
WNPFKELERAGQRVRDAIISAGPAVATVAQATALAK,44.34200000487378,1
WPWWPWRR,1.6000000012676199,1
WRCRRRFCRW,22.000000014622458,1
WRNGRWWRNGRWWRNGRW,3.49999999953366,1
WRPGRW,128.00000010378406,1
WRPGRWWRPGRW,4.666666666225061,1
WRPGRWWRPGRWWRPGRW,3.6666666664582306,1
WRPGRWWRPGRWWRPGRWWRPGRW,3.9999999990302193,1
WRRRYRRWRRRRRWRRRPRR,2.3450000009977745,1
WRVWVRVKR,3.1139127662964015,1
WRWKWRWK,69.22650530269345,1
WRWR,39.59562838857953,1
WRWRCRRRFCRWRW,3.3749999994660924,1
WRWRW,28.120966051276934,1
WRWRWR,35.555387449487995,1
WWHSWWSTW,91.8130251058402,1
WWKDWWERW,338.38103074843815,1
WWRLRRIW,18.75000000932358,1
WWRWRW,10.85042903569787,1
WWSYVRRWRSR,41.3333333376082,1
WWSYWWTQW,87.50141054171925,1
WWWLRKIW,8.100000003062968,1
WWWLRRIR,18.75000000932358,1
WWWLRRRW,4.649999997034939,1
WWWRRRIW,18.75000000932358,1
WWWW,100.0,1
WWYNWWQDW,340.23854226735943,1
YCNGKRVCVC,87.38271375103595,1
YCNGKRVCVCR,27.435379569338544,1
YGRKKRRQRRR,300.0000001936504,1
YKLFKKILKVL,22.799999994534673,1
YKLLKKLLKKLKKLLKKL,13.392857140007637,1
YKLLKLLLPKLKGLLFKL,17.11564340258635,1
YKLLKLLLPKLKGLLIKL,23.405213411363068,1
YKLLKLLLPKLKGLLPKL,13.704632637999518,1
YKLLKLLLPKLKPLLFKL,21.38835543482034,1
YKLLKLLLPKLKPLLIKL,20.485540847457397,1
YKLLKLLLPKLKPLLPKL,38.30853283921051,1
YKLLKWLLLKLKALLEKL,41.16390200688845,1
YLAFRCGRYSPCLDDGPNVNLYSCCSFYNCHKCLARLENCPKGLHYNAYLKVCDWPSKAGCTSVNKECHLWKT,4.57219768409196,1
YPIKPEAPREDASPEELNRYYASLRHYLNLVTRQRY,21.666666678611637,1
YPPKPESPGEDASPEEMNKYLTALRHYINLVTRQRY,4.689628868972895,1
YPSKPDNPGEDAPAEDLARYYSALRHYINLITRQRY,10.0,1
YPSKPDNPGEDAPAEDMARYYSALRHYINLITRQRY,37.653771515166305,1
YRGGYTGPIPRPPPIGRPPFRPVCNACYRLSVSDARNCCIKFGSCCHLVK,23.69565217090682,1
YRLRVKWKW,22.778140398648738,1
YRQSMNNFQGLRSFGCRFGTCTVQKLAHQIYQFTDKDKDNVAPRSKISPQGY,1.0685411462999341,1
YRWARWWRR,4.6436932510510305,1
YRYR,100.0,1
YSLQMGATAIKQVKKLFKKKGG,4.150000002740768,1
YSWPRMPRIPRLPRYPRYPRYPRWPRHPTIYA,8.363636363276035,1
YSWPRMPRIPRLPRYPRYPRYPRWPRWPRQPTIYA,7.3609602468680775,1
YWRWRW,25.34397474537752,1
