sequence,staphylococcus aureus(ug/mL),staphylococcus aureus(uM),molecular weight,Lab(ug/mL),result
PFKISIHL,10,10.47778709,954.4,64,64
KRIVKLILKWLR,4,2.553626149,1566.4,4,4
RIWVIWRR,8,6.753334459,1184.6,16,16
WGIRRILKYGKRS,2,1.224514786,1633.3,64,64
ILRWPWWPWRRK,32,17.97550837,1780.2,8,8
GMWSKILKHLIR,5.48414,3.7,1482.2,2,2
VAEARQGSFSY,7.6,6.257204018,1214.6,>512,512
IIPLPLGYFAKKT,6,4.106495106,1461.1,>512,512
VRLIVAVRIWRR,30,19.51473362,1537.3,32,32
YPELQQDLIARLL,6.2,3.943518636,1572.2,>512,512
GLLKRIKTLL,5,4.32975407,1154.8,64,64
APKGVQGPNG,32,34.62079411,924.3,>512,512
AAGMGFFGAR,25.4,25.8025193,984.4,512,512
RPKPQQFFGLM,3,2.224034398,1348.9,16,16
ILPWKWPWWPWRR,1,0.524301368,1907.3,8,8
KWRRWVRWI,4,2.886419397,1385.8,8,8
IWRVWRRWK,4,2.886419397,1385.8,16,16
KWIKWIKWI,16,12.300123,1300.8,8,8
KWIRWVRWI,4,2.978850164,1342.8,2,2
KFRRFVRFI,4,3.15258512,1268.8,128,128
KPRRPVRPI,4,3.576218149,1118.5,>512,512
VRRFPWWWPFLRR,10,5.256518082,1902.4,16,16
FPVTWRWWKWWKG,16,8.586915687,1863.3,16,16
RRWQWRMKKLG,20,12.94414601,1545.1,>512,512
FLGGLLASLLGKI,3.1,2.380769526,1302.1,16,16
AAGKGLVSNLLEK,49,37.69520732,1299.9,,49
DEMKLDGFNMHLE,40.5,25.64914503,1579,,40.5
LRQSQFVGSR,42.5,36.08728878,1177.7,,42.5
FLPLIGRVLSGIL,2.3,1.644972107,1398.2,8,8
FFFLSRIF,12.5,11.6117046,1076.5,>512,512
FWQKMSFA,16,15.31980084,1044.4,>512,512
WWWLRKIW,4,3.140703518,1273.6,4,4
KVFLGLK,40,49.73268681,804.3,,40
TPFKLSLHL,15,14.21127428,1055.5,>512,512
KIAKVALKAL,8.7,8.248791125,1054.7,>512,512
FLPGLLAGLL,10.74416,10.6,1013.6,>512,512
GLTRLFSVIK,16,14.11308106,1133.7,512,512
LLKWLKK,200,215.424386,928.4,,200
LLKWLLK,25,27.37026494,913.4,,25
LLKWLKKL,25,24.0015361,1041.6,,25
KLLKWLLK,25,24.0015361,1041.6,,25
KLLKWLLKL,3.1,2.684447523,1154.8,8,8
KKLLKWLKKLL,6.3,4.464285714,1411.2,,6.3
KKLLKWLLKLL,1.6,1.145967626,1396.2,4,4
LKLLKWLLKLL,3.1,2.244425138,1381.2,,3.1
LKKLLKWLLKLLK,12.5,7.633121641,1637.6,16,16
LLKLLKWLLKLLK,25,15.40737089,1622.6,,25
SLLSLIRKLIT,5.0276,4,1256.9,4,4
RPKPQQFFGLM,7,5.189413596,1348.9,>512,512
INLKAIAALAKKLL,5,3.377693711,1480.3,,5
NLKAIAALAKKLL,5,3.657376929,1367.1,64,64
FLPIIGKLLSGLL,1.2,0.866926745,1384.2,4,4
FLPIIGKLLSG,2.5,2.159267576,1157.8,512,512
ILGTILGLLKGL,12.5,10.32204789,1211,16,16
INWLKLGKAIIDAL,191,121.7879232,1568.3,,191
IDWKKLLDAAKQIL,15,9.061254078,1655.4,16,16
ILGTILGLLKSL,15,12.08702659,1241,16,16
GMWSKILGHLIR,10.86547,7.7,1411.1,,10.86547
MWSKILGHLIR,60.93,45,1354,,60.93
GMWSKILGHLI,19.45095,15.5,1254.9,,19.45095
GMWSKILGHLIK,21.85298,15.8,1383.1,,21.85298
GMWSKILGHLKR,142.61,100,1426.1,,142.61
GMWSKILGKLIR,12.89932,9.2,1402.1,,12.89932
GMWSKILKHLIR,5.48414,3.7,1482.2,4,4
GMWKKILGHLIR,12.19848,8.4,1452.2,,12.19848
GKWSKILGHLIR,32.80873,23.3,1408.1,,32.80873
KMWSKILGHLIR,61.80774,41.7,1482.2,,61.80774
GMWKKILGKLIR,21.648,15,1443.2,,21.648
GKWSKILGKLIR,30.36047,21.7,1399.1,,30.36047
GKWKKILGHLIR,41.01236,28.3,1449.2,,41.01236
GKWKKILGKLIR,86.412,60,1440.2,,86.412
GMWPKILGHLIR,106.5825,75,1421.1,,106.5825
GMWSKLLGHLLR,10.86547,7.7,1411.1,,10.86547
LNWGAILKHIIK,14.90466,10.6,1406.1,,14.90466
NLWAGILKHIIK,51.60387,36.7,1406.1,,51.60387
KNWGAILKHIIK,142.11,100,1421.1,,142.11
LKWGAILKHIIK,16.61634,11.7,1420.2,,16.61634
LNWKAILKHIIK,7.82916,5.3,1477.2,,7.82916
LNWGKILKHIIK,12.72984,8.7,1463.2,,12.72984
LNWGAILKKIIK,10.19883,7.3,1397.1,,10.19883
LNWGAILKHIKK,142.11,100,1421.1,,142.11
KNWGKILKHIIK,113.37794,76.7,1478.2,,113.37794
KNWKAILKHIIK,96.993,65,1492.2,,96.993
LNWGAFLKHFFK,32.72577,21.7,1508.1,,32.72577
LNWGALLKHLLK,9.42087,6.7,1406.1,4,4
LNWGAWLKHWWK,32.502,20,1625.1,,32.502
ILPIRSLIKKLL,12.5,8.882888005,1407.2,32,32
FLPLKKLRFGLL,3.13,2.165790202,1445.2,512,512
LPRRNRWSKIWKKVVTVFS,32,13.32611502,2401.3,,32
NRFTARFRRTPWRLCLQFRQ,128,48.23817599,2653.5,,128
TMSLRFWRWKVR,128,76.82151002,1666.2,,128
AWRWKAFRNCWRVRSSSL,128,55.41125541,2310,,128
SIKILKIYFIQGKRHWSF,32,14.1261643,2265.3,,32
QVRWWGRYWRRKWATCR,64,26.7212225,2395.1,,64
LLPIVGNLLKSLL,8.3592,6,1393.2,32,32
ILGKIWEGIKSLF,5,3.32402606,1504.2,8,8
GILSSFKGVAKDLAGKLLETLKCKITGC,23.1632,8,2895.4,,23.1632
FLPILAGLAAKIVPKLFCLATKKC,5.12,2,2560,,5.12
FLPLVTGLLSGLL,85.9584,64,1343.1,,85.9584
NFLGTLVNLAKKIL,24.7088,16,1544.3,4,4
FMPIIGRLMSGSL,1.9,1.336052317,1422.1,>512,512
FIGAIARLLSKIF,0.6,0.414021529,1449.2,2,2
GFWGKLWEGVKNAI,24.078,15,1605.2,16,16
ILSAIWSGIKSLF,14.351,10,1435.1,16,16
IWSAIWSGIKGLL,1.4441,1,1444.1,4,4
GLLSLLSLLGKLL,4.181424,3.12,1340.2,16,16
GLLPLLSLLGKLL,2.106312,1.56,1350.2,4,4
FFGSVLKLIPKIL,4.602936,3.12,1475.3,,4.602936
FFGSLLKLLPKLL,2.323308,1.56,1489.3,4,4
LLGSLLKLLPKLL,2.217228,1.56,1421.3,4,4
FFGKVLKLIRKIF,5.02164,3.12,1609.5,16,16
GILGKLWEGFKSIV,12.3784,8,1547.3,8,8
IFGAIWKGISSLL,67.4448,48,1405.1,,67.4448
FLSTIWNGIKSLL,23.8736,16,1492.1,8,8
FLGALWNVAKSVF,14.521,10,1452.1,8,8
FLSTLWNAAKSIF,14.98,10,1498,8,8
FIPLVSGLFSRLL,12.5,8.548762139,1462.2,32,32
VIPIVSGLLSSLL,12.5,9.533979102,1311.1,512,512
RLFRHAFKAVLRL,16,9.83163328,1627.4,,16
FLPVLGKVIKLVGGLL,3.1,1.859851212,1666.8,,3.1
FLPLLVGAISSILPKIF,12.5,6.835083115,1828.8,,12.5
FLPLLFGALSTLLPKIF,25,13.22191665,1890.8,,25
FLPFVGKLLSGLL,12.5,8.901865831,1404.2,,12.5
FWGALAKGALKLIPSLVSSFTKKD,14.44072,5.6,2578.7,,14.44072
FWGALAKGALKLIPSLVSSFT,15.22968,6.9,2207.2,,15.22968
ILGKIWKGIKNIL,17.9556,12,1496.3,,17.9556
GVWDWLKKTAKNVWNSDIVKQLKGKAINAAKNYVAEKIGATPS,199.227,42,4743.5,,199.227
ASITHVKNRGKYIYMHLKFRKTNVL,16,5.299241546,3019.3,,16
KKVWFIFHVCPKLKQRIL,16,7.003720727,2284.5,,16
MKTFLRLYRSLINKVLH,16,7.500820402,2133.1,,16
FFPMLADLVSKIFGK,257.025,150,1713.5,,257.025
FLPLLAGLAANFLPTIICKIARKC,97.04625,37.5,2587.9,,97.04625
FLPLLAGLAAKWFGK,30.68912,18.8,1632.4,,30.68912
FLPFLAGLFGKIFGK,248.325,150,1655.5,,248.325
FLTGLIGGLMKALGK,227.91,150,1519.4,,227.91
FFPLVLGALGSILPKVFGK,18.83854,9.4,2004.1,,18.83854
GLLDFLKAAGKGLVSNLLEK,31.3065,15,2087.1,,31.3065
LVPFIGRTLGGLLARF,27.6896,16,1730.6,,27.6896
FLGALGNALSRVL,42.592,32,1331,,42.592
FLGFVGQALNALLGKL,53.1712,32,1661.6,,53.1712
LLGAALSALSSVIPSVISWFQK,9.1536,4,2288.4,,9.1536
ATCYCRTGR,51.5,49.98059006,1030.4,,51.5
GLSLLLSLGLKLL,4.15462,3.1,1340.2,,4.15462
GLKLLLSLGLKLL,2.21008,1.6,1381.3,,2.21008
GLKLLLKLGLKLL,4.40944,3.1,1422.4,,4.40944
KLKLLLKLGLKLL,4.62985,3.1,1493.5,,4.62985
VALTGLTVAEYFR,5.616,3.9,1440,,5.616
INLKAIAPLAKKLL,80,53.1102702,1506.3,,80
INLKAIAALVKKLL,20,13.25908247,1508.4,,20
INLKAIAALARNY,10,6.988120196,1431,,10
ILGTILGLLKGL,12.5,10.32204789,1211,,12.5
FLSLALAALPKLFCLIFKKC,30,13.38986833,2240.5,,30
FLPLLLAGLPKLLCLFFKKC,15,6.582989555,2278.6,,15
FLIGMTHGLICLISRKC,15,7.869884575,1906,,15
FLIGMTQGLICLITRKC,30,15.69858713,1911,,30
GVFSFLKTGAKLLGSTLLKMAGKAGAEHLACKATNQC,22.6056,6,3767.6,,22.6056
GIFSALAAGVKLLGNTLFKMAGKAGAEHLACKATNQC,46.34375,12.5,3707.5,,46.34375
GILDSFKGVAKGVAKDLAGKLLDKLKCKITGC,164.605,50,3292.1,,164.605
GILDTFKGVAKGVAKDLAVHMLENLKCKMTGC,339.31,100,3393.1,,339.31
FLPVLTGLTPSIVPKLVCLLTKKC,129.25,50,2585,,129.25
FLPVLAGLTPSIVPKLVCLLTKKC,63.875,25,2555,,63.875
FFPMLAGVAARVVPKVICLITKKC,32.57625,12.5,2606.1,,32.57625
FLPMLAGLAASMVPKLVCLITKKC,15.294,6,2549,,15.294
FLPILGNLLSGLL,68.505,50,1370.1,,68.505
FLPIITNLLGKLL,8.7312,6,1455.2,,8.7312
NFLDTLINLAKKFI,82.515,50,1650.3,,82.515
AILTTLANWARKFL,60.6825,37.5,1618.2,,60.6825
NILNTIINLAKKIL,7.59024,4.8,1581.3,,7.59024
FLPLIASLAANFVPKIFCKITKKC,3.2004,1.2,2667,,3.2004
GFWGKLWEGVKSAI,6.25,3.960207832,1578.2,,6.25
GFWGSLWEGVKSVV,12.5,8.058277463,1551.2,,12.5
GFWGKLWEGVKNAI,24.078,15,1605.2,,24.078
ILSAIWSGIKSLF,14.351,10,1435.1,,14.351
FLSTIWNGIKSLL,23.8736,16,1492.1,,23.8736
GILGKLWEGVKSIF,6.25,4.039294255,1547.3,,6.25
GLPWILLRWLFFRG,5.3235,3,1774.5,,5.3235
AIPWIWIWRLLRKG,0.7234,0.4,1808.5,,0.7234
RIRFPWPWRWPWWRRVRG,0.51884,0.2,2594.2,,0.51884
RIRFPWPWRWPWWPRFRG,15.4986,6,2583.1,,15.4986
AIPWIWIWWLLRKG,11.031,6,1838.5,,11.031
AIPWSIWWRLLFKG,10.6404,6,1773.4,,10.6404
AIPWSIWWHLLFKG,1.40352,0.8,1754.4,,1.40352
ALWKNMLKGIGKLAGQAALGAVKTLVGA,3.61569,1.3,2781.3,,3.61569
ALWKDILKNVGKAAGKAVLNTVTDMVNQ,8.9979,3,2999.3,,8.9979
ALWKTMLKKLGTMALHAGKAALGAAADTISQGTQ,207.36,60,3456,,207.36
GMASKAGAIAGKIAKVALKAL,100,50.75884473,1970.1,,100
GWASKIGQTLGKIAKVGLKELIQPK,200,75.04690432,2665,,200
GLLSSLSSVAKHVLPHVVPVIAEHL,100,38.40245776,2604,,100
GLLSVLGSVVKHVIPHVVPVIAEHL,25,9.563155076,2614.2,,25
GLFSVLGAVAKHVLPHVVPVIAEKL,12,4.624099264,2595.1,,12
GLFKVLGSVAKHLLPHVAPVIAEKL,50,18.95303438,2638.1,,50
GLFKVLGSVAKHLLPHVVPVIAEKL,12,4.500787638,2666.2,,12
GLFGVLGSIAKHLLPHVVPVIAEKL,12,4.59928711,2609.1,,12
GRFKRFRKKFKKLFKKLSPVIPLLHLG,6.5678,2,3283.9,,6.5678
GRFKRFRKKFKKLFKKLS,4.6868,2,2343.4,,4.6868
GGLRSLGRKILRAWKKYGPIIVPIIRIG,6.2654,2,3132.7,,6.2654
GGLRSLGRKILRAWKKYG,4.12,2,2060,,4.12
FFHHIFRGIVHVGKTIHRLVTG,2.5729,1,2572.9,,2.5729
FFHHIFRPIVHVGKTIHRLVTG,5.2258,2,2612.9,,5.2258
GMASKAGSVLGKVAKVALKAAL,103.565,50,2071.3,,103.565
GLGSVLGKALKIGANLL,9.7476,6,1624.6,,9.7476
GLGSLVGNALRIGAKLL,20.6575,12.5,1652.6,,20.6575
GFKDLLKGAAKALVKTVLF,6.26231,3.1,2020.1,,6.26231
GIWDTIKSMGKVFAGKILQNL,58.01,25,2320.4,,58.01
FFGKVLKLIRKIF,4.98945,3.1,1609.5,,4.98945
IKWKKLLRAAKRIL,10.77312,6.2,1737.6,,10.77312
IWLTALKFLGKHAAKHLAKQQLSKL,8.82043,3.1,2845.3,,8.82043
GLLGLLGSVVSHVVPAIVGHF,12.84888,6.2,2072.4,,12.84888
GFLSILKKVLPKVMAHMK,51.03,25,2041.2,,51.03
GMASKAGAIAGKIAKVALKAL,49.2525,25,1970.1,,49.2525
FFHHIFRGIVHVGKTIHRLVTG,7.97599,3.1,2572.9,,7.97599
LLKELWTKIKGAGKAVLGKIKGLL,219.215,85,2579,,219.215
FLFPLITSFLSKVL,81.27,50,1625.4,,81.27
SLSRFLRFLKIVYRRAF,27.16375,12.5,2173.1,,27.16375
GWFDVVKHIAKRF,80.165,50,1603.3,,80.165
FLSLIPHAINAVSAIAKHN,15.93351,7.9,2016.9,,15.93351
RVKRVWPLVIRTVIAGYNLYRAIKKK,2.51408,0.8,3142.6,,2.51408
LVQRGRFGRFLRKIRRFRPKVTITIQGSARF,2.483184,0.66,3762.4,,2.483184
RGLRRLGRKIAHGVKKYGPTVLRIIRIA,2.495844,0.78,3199.8,,2.495844
KRFGRLAKSFLRMRILLPRRKILLAS,25,7.957728546,3141.6,,25
KRRHWFPLSFQEFLEQLRRFRDQLPFP,57,15.94093464,3575.7,,57
KRFHSVGSLIQRLQQMIRDLSEATRHGIRKITRPKLLLAS,18,3.865398243,4656.7,,18
GFKRIVQRIKDFLRNLV,15.77325,7.5,2103.1,,15.77325
GFARIVQRIKDFLRNLV,15.345,7.5,2046,,15.345
GFKAIVQRIKDFLRNLV,15.135,7.5,2018,,15.135
GFKRIVQAIKDFLRNLV,30.27,15,2018,,30.27
GFKRIVQRIADFLRNLV,15.345,7.5,2046,,15.345
GFKRIVQRIKDFLANLV,15.135,7.5,2018,,15.135
GEFKRIVQRIKDFLRNLV,133.932,60,2232.2,,133.932
GEFKKIVQKIKDFLKNLV,257.784,120,2148.2,,257.784
GEFRRIVQRIRDFLRNLV,68.646,30,2288.2,,68.646
GLLDFVTGVGKDIFAQLIKQI,145.696,64,2276.5,,145.696
GLWSKIKAAGKEAAKAAAKAAGKAALNAVSEAV,14.82145,4.7,3153.5,,14.82145
ALWKTLLKNVGKAAGGAALNAVTDMVNQ,3.71293,1.3,2856.1,,3.71293
ALWKTMLKKLGTMALHAGKAAFGAAADTISQ,121.7368,38,3203.6,,121.7368
ALWKNMLKGIGKLAGQAALGAVKTLVGAES,8.09325,2.7,2997.5,,8.09325
GLWSKIKEAAKTAGLMAMGFVNDMV,58.7356,22,2669.8,,58.7356
LLGMIPLAISAISALSKL,14.4944,8,1811.8,,14.4944
LFGLIPSLIGGLVSAFK,25,14.42834882,1732.7,,25
LFRLIKSLIKRLVSAFK,5,2.459298608,2033.1,,5
IFGAILPLALGALKNLIK,14.9272,8,1865.9,,14.9272
GLKDIFKAGLGSLVKGIAAHVAN,456.1,200,2280.5,,456.1
GLKEIFKAGLGSLVKGIAAHVAN,458.9,200,2294.5,,458.9
GLKEIFKAGLGSLVKGIAAHVAS,226.75,100,2267.5,,226.75
ILGKLLSTAAGLLSNL,79.22,50,1584.4,,79.22
FFSLLPSLIGGLVSAIK,20,11.34623022,1762.7,,20
WRWRWR,7.5,,,,7.5
RWRWRW,5,,,,5
RRRWWW,5,,,,5
RWWWRR,5,,,,5
WWRRRW,10,,,,10
